[2026-09-30 17:03:59] 🚀 Starting Full 867-Issue Batch Publisher...
[2026-09-30 17:04:00] Found 13 pre-existing issues on GitHub.
[2026-09-30 17:04:42] 🚀 Starting Full 867-Issue Batch Publisher...
[2026-09-30 17:04:43] Found 13 pre-existing issues on GitHub.
[2026-09-30 17:04:43] Catalog ready: 867 comprehensive issues defined.
[2026-09-30 17:04:45] [2/867] ✓ Created: [Beginner] Configure Spring Boot Actuator Health Indicators in supply-locator-service
[2026-09-30 17:04:50] [3/867] ✓ Created: [Beginner] Implement SLF4J Structured Logging & Context Propagation in supply-locator-service
[2026-09-30 17:04:55] [4/867] ✓ Created: [Beginner] Write Unit Tests with Mockito for Service Layer in supply-locator-service
[2026-09-30 17:05:00] [5/867] ✓ Created: [Beginner] Document Protocol Buffer IDL Fields in supply-locator-service
[2026-09-30 17:05:05] [6/867] ✓ Created: [Beginner] Implement Global Exception Translator for gRPC in supply-locator-service
[2026-09-30 17:05:10] [7/867] ✓ Created: [Moderate] Implement JPA Repositories & Liquibase Changelog in supply-locator-service
[2026-09-30 17:05:14] [8/867] ✓ Created: [Moderate] Build Transactional Outbox Event Producer in supply-locator-service
[2026-09-30 17:05:19] [9/867] ✓ Created: [Moderate] Implement Redis Cache-Aside Layer with TTL in supply-locator-service
[2026-09-30 17:05:24] [10/867] ✓ Created: [Moderate] Implement gRPC Server BindableService Implementation in supply-locator-service
[2026-09-30 17:05:29] [11/867] ✓ Created: [Moderate] Build Kafka Dead Letter Queue (DLQ) & Retry Policy in supply-locator-service
[2026-09-30 17:05:34] [12/867] ✓ Created: [Moderate] Implement Optimistic Locking with @Version in supply-locator-service
[2026-09-30 17:05:39] [13/867] ✓ Created: [Moderate] Implement Distributed Idempotency Key Validator in supply-locator-service
[2026-09-30 17:05:44] [14/867] ✓ Created: [Advanced] Implement Reactive Scatter-Gather Query Aggregation in supply-locator-service
[2026-09-30 17:05:49] [15/867] ✓ Created: [Advanced] Configure Resilience4j Sliding Window Circuit Breaker in supply-locator-service
[2026-09-30 17:05:54] [16/867] ✓ Created: [Advanced] Enforce Compile-Time DOMA Architectural Rules via ArchUnit in supply-locator-service
[2026-09-30 17:05:59] [17/867] ✓ Created: [Advanced] Implement Uber H3 Hexagonal Spatial Queries in supply-locator-service
[2026-09-30 17:06:04] [18/867] ✓ Created: [Advanced] Implement Micrometer Custom Performance Metrics & Timers in supply-locator-service
[2026-09-30 17:06:09] [19/867] ✓ Created: [Advanced] Implement W3C Distributed Tracing Context Propagation in supply-locator-service
[2026-09-30 17:06:15] [20/867] ✓ Created: [Staff Architect] Implement Contraction Hierarchy Bidirectional Search in supply-locator-service
[2026-09-30 17:06:19] [21/867] ✓ Created: [Staff Architect] Implement Chaos Fault Injection and Recovery Validation in supply-locator-service
[2026-09-30 17:06:24] [22/867] ✓ Created: [Beginner] Implement Input Validation & DTO Constraints in demand-pin-service
[2026-09-30 17:06:29] [23/867] ✓ Created: [Beginner] Configure Spring Boot Actuator Health Indicators in demand-pin-service
[2026-09-30 17:06:34] [24/867] ✓ Created: [Beginner] Implement SLF4J Structured Logging & Context Propagation in demand-pin-service
[2026-09-30 17:06:39] [25/867] ✓ Created: [Beginner] Write Unit Tests with Mockito for Service Layer in demand-pin-service
[2026-09-30 17:06:43] [26/867] ✓ Created: [Beginner] Document Protocol Buffer IDL Fields in demand-pin-service
[2026-09-30 17:06:48] [27/867] ✓ Created: [Beginner] Implement Global Exception Translator for gRPC in demand-pin-service
[2026-09-30 17:06:53] [28/867] ✓ Created: [Moderate] Implement JPA Repositories & Liquibase Changelog in demand-pin-service
[2026-09-30 17:06:59] [29/867] ✓ Created: [Moderate] Build Transactional Outbox Event Producer in demand-pin-service
[2026-09-30 17:07:04] [30/867] ✓ Created: [Moderate] Implement Redis Cache-Aside Layer with TTL in demand-pin-service
[2026-09-30 17:07:08] [31/867] ✓ Created: [Moderate] Implement gRPC Server BindableService Implementation in demand-pin-service
[2026-09-30 17:07:13] [32/867] ✓ Created: [Moderate] Build Kafka Dead Letter Queue (DLQ) & Retry Policy in demand-pin-service
[2026-09-30 17:07:18] [33/867] ✓ Created: [Moderate] Implement Optimistic Locking with @Version in demand-pin-service
[2026-09-30 17:07:23] [34/867] ✓ Created: [Moderate] Implement Distributed Idempotency Key Validator in demand-pin-service
[2026-09-30 17:07:28] [35/867] ✓ Created: [Advanced] Implement Reactive Scatter-Gather Query Aggregation in demand-pin-service
[2026-09-30 17:07:33] [36/867] ✓ Created: [Advanced] Configure Resilience4j Sliding Window Circuit Breaker in demand-pin-service
[2026-09-30 17:07:38] [37/867] ✓ Created: [Advanced] Enforce Compile-Time DOMA Architectural Rules via ArchUnit in demand-pin-service
[2026-09-30 17:07:43] [38/867] ✓ Created: [Advanced] Implement Uber H3 Hexagonal Spatial Queries in demand-pin-service
[2026-09-30 17:07:48] [39/867] ✓ Created: [Advanced] Implement Micrometer Custom Performance Metrics & Timers in demand-pin-service
[2026-09-30 17:07:53] [40/867] ✓ Created: [Advanced] Implement W3C Distributed Tracing Context Propagation in demand-pin-service
[2026-09-30 17:07:58] [41/867] ✓ Created: [Staff Architect] Implement Contraction Hierarchy Bidirectional Search in demand-pin-service
[2026-09-30 17:08:04] [42/867] ✓ Created: [Staff Architect] Implement Chaos Fault Injection and Recovery Validation in demand-pin-service
[2026-09-30 17:08:09] [43/867] ✓ Created: [Beginner] Implement Input Validation & DTO Constraints in dispatch-coordinator-service
[2026-09-30 17:08:14] [44/867] ✓ Created: [Beginner] Configure Spring Boot Actuator Health Indicators in dispatch-coordinator-service
[2026-09-30 17:14:11] ✗ Error creating issue '[Beginner] Implement SLF4J Structured Logging & Context Propagation in dispatch-coordinator-service': Post "https://api.github.com/graphql": read tcp 10.20.5.189:64117->20.205.243.168:443: read: connection reset by peer
[2026-09-30 17:14:14] [45/867] ✓ Created: [Beginner] Write Unit Tests with Mockito for Service Layer in dispatch-coordinator-service
[2026-09-30 17:14:19] [46/867] ✓ Created: [Beginner] Document Protocol Buffer IDL Fields in dispatch-coordinator-service
[2026-09-30 17:14:24] [47/867] ✓ Created: [Beginner] Implement Global Exception Translator for gRPC in dispatch-coordinator-service
[2026-09-30 17:14:29] [48/867] ✓ Created: [Moderate] Implement JPA Repositories & Liquibase Changelog in dispatch-coordinator-service
[2026-09-30 17:14:33] [49/867] ✓ Created: [Moderate] Build Transactional Outbox Event Producer in dispatch-coordinator-service
[2026-09-30 17:14:39] [50/867] ✓ Created: [Moderate] Implement Redis Cache-Aside Layer with TTL in dispatch-coordinator-service
[2026-09-30 17:14:44] [51/867] ✓ Created: [Moderate] Implement gRPC Server BindableService Implementation in dispatch-coordinator-service
[2026-09-30 17:14:49] [52/867] ✓ Created: [Moderate] Build Kafka Dead Letter Queue (DLQ) & Retry Policy in dispatch-coordinator-service
[2026-09-30 17:14:54] [53/867] ✓ Created: [Moderate] Implement Optimistic Locking with @Version in dispatch-coordinator-service
[2026-09-30 17:14:58] [54/867] ✓ Created: [Moderate] Implement Distributed Idempotency Key Validator in dispatch-coordinator-service
[2026-09-30 17:15:03] [55/867] ✓ Created: [Advanced] Implement Reactive Scatter-Gather Query Aggregation in dispatch-coordinator-service
[2026-09-30 17:15:08] [56/867] ✓ Created: [Advanced] Configure Resilience4j Sliding Window Circuit Breaker in dispatch-coordinator-service
[2026-09-30 17:15:13] [57/867] ✓ Created: [Advanced] Enforce Compile-Time DOMA Architectural Rules via ArchUnit in dispatch-coordinator-service
[2026-09-30 17:15:18] [58/867] ✓ Created: [Advanced] Implement Uber H3 Hexagonal Spatial Queries in dispatch-coordinator-service
[2026-09-30 17:15:22] [59/867] ✓ Created: [Advanced] Implement Micrometer Custom Performance Metrics & Timers in dispatch-coordinator-service
[2026-09-30 17:15:27] [60/867] ✓ Created: [Advanced] Implement W3C Distributed Tracing Context Propagation in dispatch-coordinator-service
[2026-09-30 17:15:32] [61/867] ✓ Created: [Staff Architect] Implement Contraction Hierarchy Bidirectional Search in dispatch-coordinator-service
[2026-09-30 17:15:37] [62/867] ✓ Created: [Staff Architect] Implement Chaos Fault Injection and Recovery Validation in dispatch-coordinator-service
[2026-09-30 17:15:42] [63/867] ✓ Created: [Beginner] Implement Input Validation & DTO Constraints in dynamic-surge-service
[2026-09-30 17:15:47] [64/867] ✓ Created: [Beginner] Configure Spring Boot Actuator Health Indicators in dynamic-surge-service
[2026-09-30 17:15:51] [65/867] ✓ Created: [Beginner] Implement SLF4J Structured Logging & Context Propagation in dynamic-surge-service
[2026-09-30 17:15:56] [66/867] ✓ Created: [Beginner] Write Unit Tests with Mockito for Service Layer in dynamic-surge-service
[2026-09-30 17:16:01] [67/867] ✓ Created: [Beginner] Document Protocol Buffer IDL Fields in dynamic-surge-service
[2026-09-30 17:16:06] [68/867] ✓ Created: [Beginner] Implement Global Exception Translator for gRPC in dynamic-surge-service
[2026-09-30 17:16:11] [69/867] ✓ Created: [Moderate] Implement JPA Repositories & Liquibase Changelog in dynamic-surge-service
[2026-09-30 17:16:16] [70/867] ✓ Created: [Moderate] Build Transactional Outbox Event Producer in dynamic-surge-service
[2026-09-30 17:16:22] [71/867] ✓ Created: [Moderate] Implement Redis Cache-Aside Layer with TTL in dynamic-surge-service
[2026-09-30 17:16:27] [72/867] ✓ Created: [Moderate] Implement gRPC Server BindableService Implementation in dynamic-surge-service
[2026-09-30 17:16:32] [73/867] ✓ Created: [Moderate] Build Kafka Dead Letter Queue (DLQ) & Retry Policy in dynamic-surge-service
[2026-09-30 17:16:36] [74/867] ✓ Created: [Moderate] Implement Optimistic Locking with @Version in dynamic-surge-service
[2026-09-30 17:16:41] [75/867] ✓ Created: [Moderate] Implement Distributed Idempotency Key Validator in dynamic-surge-service
[2026-09-30 17:16:46] [76/867] ✓ Created: [Advanced] Implement Reactive Scatter-Gather Query Aggregation in dynamic-surge-service
[2026-09-30 17:16:52] [77/867] ✓ Created: [Advanced] Configure Resilience4j Sliding Window Circuit Breaker in dynamic-surge-service
[2026-09-30 17:16:56] [78/867] ✓ Created: [Advanced] Enforce Compile-Time DOMA Architectural Rules via ArchUnit in dynamic-surge-service
[2026-09-30 17:17:01] [79/867] ✓ Created: [Advanced] Implement Uber H3 Hexagonal Spatial Queries in dynamic-surge-service
[2026-09-30 17:17:06] [80/867] ✓ Created: [Advanced] Implement Micrometer Custom Performance Metrics & Timers in dynamic-surge-service
[2026-09-30 17:17:11] [81/867] ✓ Created: [Advanced] Implement W3C Distributed Tracing Context Propagation in dynamic-surge-service
[2026-09-30 17:17:16] [82/867] ✓ Created: [Staff Architect] Implement Contraction Hierarchy Bidirectional Search in dynamic-surge-service
[2026-09-30 17:17:21] [83/867] ✓ Created: [Staff Architect] Implement Chaos Fault Injection and Recovery Validation in dynamic-surge-service
[2026-09-30 17:17:26] [84/867] ✓ Created: [Beginner] Implement Input Validation & DTO Constraints in routing-engine-service
[2026-09-30 17:17:30] [85/867] ✓ Created: [Beginner] Configure Spring Boot Actuator Health Indicators in routing-engine-service
[2026-09-30 17:17:35] [86/867] ✓ Created: [Beginner] Implement SLF4J Structured Logging & Context Propagation in routing-engine-service
[2026-09-30 17:17:40] [87/867] ✓ Created: [Beginner] Write Unit Tests with Mockito for Service Layer in routing-engine-service
[2026-09-30 17:17:45] [88/867] ✓ Created: [Beginner] Document Protocol Buffer IDL Fields in routing-engine-service
[2026-09-30 17:17:50] [89/867] ✓ Created: [Beginner] Implement Global Exception Translator for gRPC in routing-engine-service
[2026-09-30 17:17:55] [90/867] ✓ Created: [Moderate] Implement JPA Repositories & Liquibase Changelog in routing-engine-service
[2026-09-30 17:17:59] [91/867] ✓ Created: [Moderate] Build Transactional Outbox Event Producer in routing-engine-service
[2026-09-30 17:18:04] [92/867] ✓ Created: [Moderate] Implement Redis Cache-Aside Layer with TTL in routing-engine-service
[2026-09-30 17:18:08] [93/867] ✓ Created: [Moderate] Implement gRPC Server BindableService Implementation in routing-engine-service
[2026-09-30 17:18:13] [94/867] ✓ Created: [Moderate] Build Kafka Dead Letter Queue (DLQ) & Retry Policy in routing-engine-service
[2026-09-30 17:18:18] [95/867] ✓ Created: [Moderate] Implement Optimistic Locking with @Version in routing-engine-service
[2026-09-30 17:18:23] [96/867] ✓ Created: [Moderate] Implement Distributed Idempotency Key Validator in routing-engine-service
[2026-09-30 17:18:28] [97/867] ✓ Created: [Advanced] Implement Reactive Scatter-Gather Query Aggregation in routing-engine-service
[2026-09-30 17:18:32] [98/867] ✓ Created: [Advanced] Configure Resilience4j Sliding Window Circuit Breaker in routing-engine-service
[2026-09-30 17:18:38] [99/867] ✓ Created: [Advanced] Enforce Compile-Time DOMA Architectural Rules via ArchUnit in routing-engine-service
[2026-09-30 17:18:43] [100/867] ✓ Created: [Advanced] Implement Uber H3 Hexagonal Spatial Queries in routing-engine-service
[2026-09-30 17:18:48] [101/867] ✓ Created: [Advanced] Implement Micrometer Custom Performance Metrics & Timers in routing-engine-service
[2026-09-30 17:18:53] [102/867] ✓ Created: [Advanced] Implement W3C Distributed Tracing Context Propagation in routing-engine-service
[2026-09-30 17:18:58] [103/867] ✓ Created: [Staff Architect] Implement Contraction Hierarchy Bidirectional Search in routing-engine-service
[2026-09-30 17:19:03] [104/867] ✓ Created: [Staff Architect] Implement Chaos Fault Injection and Recovery Validation in routing-engine-service
[2026-09-30 17:19:07] [105/867] ✓ Created: [Beginner] Implement Input Validation & DTO Constraints in deep-eta-service
[2026-09-30 17:19:12] [106/867] ✓ Created: [Beginner] Configure Spring Boot Actuator Health Indicators in deep-eta-service
[2026-09-30 17:19:17] [107/867] ✓ Created: [Beginner] Implement SLF4J Structured Logging & Context Propagation in deep-eta-service
[2026-09-30 17:19:21] [108/867] ✓ Created: [Beginner] Write Unit Tests with Mockito for Service Layer in deep-eta-service
[2026-09-30 17:19:26] [109/867] ✓ Created: [Beginner] Document Protocol Buffer IDL Fields in deep-eta-service
[2026-09-30 17:19:31] [110/867] ✓ Created: [Beginner] Implement Global Exception Translator for gRPC in deep-eta-service
[2026-09-30 17:19:35] [111/867] ✓ Created: [Moderate] Implement JPA Repositories & Liquibase Changelog in deep-eta-service
[2026-09-30 17:19:40] [112/867] ✓ Created: [Moderate] Build Transactional Outbox Event Producer in deep-eta-service
[2026-09-30 17:19:45] [113/867] ✓ Created: [Moderate] Implement Redis Cache-Aside Layer with TTL in deep-eta-service
[2026-09-30 17:19:49] [114/867] ✓ Created: [Moderate] Implement gRPC Server BindableService Implementation in deep-eta-service
[2026-09-30 17:19:54] [115/867] ✓ Created: [Moderate] Build Kafka Dead Letter Queue (DLQ) & Retry Policy in deep-eta-service
[2026-09-30 17:19:59] [116/867] ✓ Created: [Moderate] Implement Optimistic Locking with @Version in deep-eta-service
[2026-09-30 17:20:04] [117/867] ✓ Created: [Moderate] Implement Distributed Idempotency Key Validator in deep-eta-service
[2026-09-30 17:20:09] [118/867] ✓ Created: [Advanced] Implement Reactive Scatter-Gather Query Aggregation in deep-eta-service
[2026-09-30 17:20:14] [119/867] ✓ Created: [Advanced] Configure Resilience4j Sliding Window Circuit Breaker in deep-eta-service
[2026-09-30 17:20:19] [120/867] ✓ Created: [Advanced] Enforce Compile-Time DOMA Architectural Rules via ArchUnit in deep-eta-service
[2026-09-30 17:20:23] [121/867] ✓ Created: [Advanced] Implement Uber H3 Hexagonal Spatial Queries in deep-eta-service
[2026-09-30 17:20:29] [122/867] ✓ Created: [Advanced] Implement Micrometer Custom Performance Metrics & Timers in deep-eta-service
[2026-09-30 17:20:34] [123/867] ✓ Created: [Advanced] Implement W3C Distributed Tracing Context Propagation in deep-eta-service
[2026-09-30 17:20:39] [124/867] ✓ Created: [Staff Architect] Implement Contraction Hierarchy Bidirectional Search in deep-eta-service
[2026-09-30 17:20:44] [125/867] ✓ Created: [Staff Architect] Implement Chaos Fault Injection and Recovery Validation in deep-eta-service
[2026-09-30 17:20:49] [126/867] ✓ Created: [Beginner] Implement Input Validation & DTO Constraints in h3-spatial-index-service
[2026-09-30 17:20:54] [127/867] ✓ Created: [Beginner] Configure Spring Boot Actuator Health Indicators in h3-spatial-index-service
[2026-09-30 17:20:59] [128/867] ✓ Created: [Beginner] Implement SLF4J Structured Logging & Context Propagation in h3-spatial-index-service
[2026-09-30 17:21:04] [129/867] ✓ Created: [Beginner] Write Unit Tests with Mockito for Service Layer in h3-spatial-index-service
[2026-09-30 17:21:09] [130/867] ✓ Created: [Beginner] Document Protocol Buffer IDL Fields in h3-spatial-index-service
[2026-09-30 17:21:14] [131/867] ✓ Created: [Beginner] Implement Global Exception Translator for gRPC in h3-spatial-index-service
[2026-09-30 17:21:19] [132/867] ✓ Created: [Moderate] Implement JPA Repositories & Liquibase Changelog in h3-spatial-index-service
[2026-09-30 17:21:23] [133/867] ✓ Created: [Moderate] Build Transactional Outbox Event Producer in h3-spatial-index-service
[2026-09-30 17:21:28] [134/867] ✓ Created: [Moderate] Implement Redis Cache-Aside Layer with TTL in h3-spatial-index-service
[2026-09-30 17:21:33] [135/867] ✓ Created: [Moderate] Implement gRPC Server BindableService Implementation in h3-spatial-index-service
[2026-09-30 17:21:38] [136/867] ✓ Created: [Moderate] Build Kafka Dead Letter Queue (DLQ) & Retry Policy in h3-spatial-index-service
[2026-09-30 17:21:42] [137/867] ✓ Created: [Moderate] Implement Optimistic Locking with @Version in h3-spatial-index-service
[2026-09-30 17:21:47] [138/867] ✓ Created: [Moderate] Implement Distributed Idempotency Key Validator in h3-spatial-index-service
[2026-09-30 17:21:52] [139/867] ✓ Created: [Advanced] Implement Reactive Scatter-Gather Query Aggregation in h3-spatial-index-service
[2026-09-30 17:21:57] [140/867] ✓ Created: [Advanced] Configure Resilience4j Sliding Window Circuit Breaker in h3-spatial-index-service
[2026-09-30 17:22:01] [141/867] ✓ Created: [Advanced] Enforce Compile-Time DOMA Architectural Rules via ArchUnit in h3-spatial-index-service
[2026-09-30 17:22:06] [142/867] ✓ Created: [Advanced] Implement Uber H3 Hexagonal Spatial Queries in h3-spatial-index-service
[2026-09-30 17:22:11] [143/867] ✓ Created: [Advanced] Implement Micrometer Custom Performance Metrics & Timers in h3-spatial-index-service
[2026-09-30 17:22:16] [144/867] ✓ Created: [Advanced] Implement W3C Distributed Tracing Context Propagation in h3-spatial-index-service
[2026-09-30 17:22:21] [145/867] ✓ Created: [Staff Architect] Implement Contraction Hierarchy Bidirectional Search in h3-spatial-index-service
[2026-09-30 17:22:26] [146/867] ✓ Created: [Staff Architect] Implement Chaos Fault Injection and Recovery Validation in h3-spatial-index-service
[2026-09-30 17:22:31] [147/867] ✓ Created: [Beginner] Implement Input Validation & DTO Constraints in pool-batching-service
[2026-09-30 17:22:36] [148/867] ✓ Created: [Beginner] Configure Spring Boot Actuator Health Indicators in pool-batching-service
[2026-09-30 17:22:41] [149/867] ✓ Created: [Beginner] Implement SLF4J Structured Logging & Context Propagation in pool-batching-service
[2026-09-30 17:22:46] [150/867] ✓ Created: [Beginner] Write Unit Tests with Mockito for Service Layer in pool-batching-service
[2026-09-30 17:22:51] [151/867] ✓ Created: [Beginner] Document Protocol Buffer IDL Fields in pool-batching-service
[2026-09-30 17:22:56] [152/867] ✓ Created: [Beginner] Implement Global Exception Translator for gRPC in pool-batching-service
[2026-09-30 17:23:01] [153/867] ✓ Created: [Moderate] Implement JPA Repositories & Liquibase Changelog in pool-batching-service
[2026-09-30 17:23:06] [154/867] ✓ Created: [Moderate] Build Transactional Outbox Event Producer in pool-batching-service
[2026-09-30 17:23:11] [155/867] ✓ Created: [Moderate] Implement Redis Cache-Aside Layer with TTL in pool-batching-service
[2026-09-30 17:23:16] [156/867] ✓ Created: [Moderate] Implement gRPC Server BindableService Implementation in pool-batching-service
[2026-09-30 17:23:20] [157/867] ✓ Created: [Moderate] Build Kafka Dead Letter Queue (DLQ) & Retry Policy in pool-batching-service
[2026-09-30 17:23:26] [158/867] ✓ Created: [Moderate] Implement Optimistic Locking with @Version in pool-batching-service
[2026-09-30 17:23:31] [159/867] ✓ Created: [Moderate] Implement Distributed Idempotency Key Validator in pool-batching-service
[2026-09-30 17:23:36] [160/867] ✓ Created: [Advanced] Implement Reactive Scatter-Gather Query Aggregation in pool-batching-service
[2026-09-30 17:23:41] [161/867] ✓ Created: [Advanced] Configure Resilience4j Sliding Window Circuit Breaker in pool-batching-service
[2026-09-30 17:23:45] [162/867] ✓ Created: [Advanced] Enforce Compile-Time DOMA Architectural Rules via ArchUnit in pool-batching-service
[2026-09-30 17:23:50] [163/867] ✓ Created: [Advanced] Implement Uber H3 Hexagonal Spatial Queries in pool-batching-service
[2026-09-30 17:23:55] [164/867] ✓ Created: [Advanced] Implement Micrometer Custom Performance Metrics & Timers in pool-batching-service
[2026-09-30 17:23:59] [165/867] ✓ Created: [Advanced] Implement W3C Distributed Tracing Context Propagation in pool-batching-service
[2026-09-30 17:24:05] [166/867] ✓ Created: [Staff Architect] Implement Contraction Hierarchy Bidirectional Search in pool-batching-service
[2026-09-30 17:24:10] [167/867] ✓ Created: [Staff Architect] Implement Chaos Fault Injection and Recovery Validation in pool-batching-service
[2026-09-30 17:24:15] [168/867] ✓ Created: [Beginner] Implement Input Validation & DTO Constraints in trip-state-machine-service
[2026-09-30 17:24:19] [169/867] ✓ Created: [Beginner] Configure Spring Boot Actuator Health Indicators in trip-state-machine-service
[2026-09-30 17:24:24] [170/867] ✓ Created: [Beginner] Implement SLF4J Structured Logging & Context Propagation in trip-state-machine-service
[2026-09-30 17:24:29] [171/867] ✓ Created: [Beginner] Write Unit Tests with Mockito for Service Layer in trip-state-machine-service
[2026-09-30 17:24:34] [172/867] ✓ Created: [Beginner] Document Protocol Buffer IDL Fields in trip-state-machine-service
[2026-09-30 17:24:39] [173/867] ✓ Created: [Beginner] Implement Global Exception Translator for gRPC in trip-state-machine-service
[2026-09-30 17:24:44] [174/867] ✓ Created: [Moderate] Implement JPA Repositories & Liquibase Changelog in trip-state-machine-service
[2026-09-30 17:24:48] [175/867] ✓ Created: [Moderate] Build Transactional Outbox Event Producer in trip-state-machine-service
[2026-09-30 17:24:53] [176/867] ✓ Created: [Moderate] Implement Redis Cache-Aside Layer with TTL in trip-state-machine-service
[2026-09-30 17:24:58] [177/867] ✓ Created: [Moderate] Implement gRPC Server BindableService Implementation in trip-state-machine-service
[2026-09-30 17:25:03] [178/867] ✓ Created: [Moderate] Build Kafka Dead Letter Queue (DLQ) & Retry Policy in trip-state-machine-service
[2026-09-30 17:25:08] [179/867] ✓ Created: [Moderate] Implement Optimistic Locking with @Version in trip-state-machine-service
[2026-09-30 17:25:13] [180/867] ✓ Created: [Moderate] Implement Distributed Idempotency Key Validator in trip-state-machine-service
[2026-09-30 17:25:18] [181/867] ✓ Created: [Advanced] Implement Reactive Scatter-Gather Query Aggregation in trip-state-machine-service
[2026-09-30 17:25:23] [182/867] ✓ Created: [Advanced] Configure Resilience4j Sliding Window Circuit Breaker in trip-state-machine-service
[2026-09-30 17:25:28] [183/867] ✓ Created: [Advanced] Enforce Compile-Time DOMA Architectural Rules via ArchUnit in trip-state-machine-service
[2026-09-30 17:25:32] [184/867] ✓ Created: [Advanced] Implement Uber H3 Hexagonal Spatial Queries in trip-state-machine-service
[2026-09-30 17:25:37] [185/867] ✓ Created: [Advanced] Implement Micrometer Custom Performance Metrics & Timers in trip-state-machine-service
[2026-09-30 17:25:42] [186/867] ✓ Created: [Advanced] Implement W3C Distributed Tracing Context Propagation in trip-state-machine-service
[2026-09-30 17:25:47] [187/867] ✓ Created: [Staff Architect] Implement Contraction Hierarchy Bidirectional Search in trip-state-machine-service
[2026-09-30 17:25:52] [188/867] ✓ Created: [Staff Architect] Implement Chaos Fault Injection and Recovery Validation in trip-state-machine-service
[2026-09-30 17:25:57] [189/867] ✓ Created: [Beginner] Implement Input Validation & DTO Constraints in trip-reservation-service
[2026-09-30 17:26:02] [190/867] ✓ Created: [Beginner] Configure Spring Boot Actuator Health Indicators in trip-reservation-service
[2026-09-30 17:26:07] [191/867] ✓ Created: [Beginner] Implement SLF4J Structured Logging & Context Propagation in trip-reservation-service
[2026-09-30 17:26:12] [192/867] ✓ Created: [Beginner] Write Unit Tests with Mockito for Service Layer in trip-reservation-service
[2026-09-30 17:26:17] [193/867] ✓ Created: [Beginner] Document Protocol Buffer IDL Fields in trip-reservation-service
[2026-09-30 17:26:21] [194/867] ✓ Created: [Beginner] Implement Global Exception Translator for gRPC in trip-reservation-service
[2026-09-30 17:26:26] [195/867] ✓ Created: [Moderate] Implement JPA Repositories & Liquibase Changelog in trip-reservation-service
[2026-09-30 17:26:31] [196/867] ✓ Created: [Moderate] Build Transactional Outbox Event Producer in trip-reservation-service
[2026-09-30 17:26:36] [197/867] ✓ Created: [Moderate] Implement Redis Cache-Aside Layer with TTL in trip-reservation-service
[2026-09-30 17:26:41] [198/867] ✓ Created: [Moderate] Implement gRPC Server BindableService Implementation in trip-reservation-service
[2026-09-30 17:26:46] [199/867] ✓ Created: [Moderate] Build Kafka Dead Letter Queue (DLQ) & Retry Policy in trip-reservation-service
[2026-09-30 17:26:51] [200/867] ✓ Created: [Moderate] Implement Optimistic Locking with @Version in trip-reservation-service
[2026-09-30 17:26:56] [201/867] ✓ Created: [Moderate] Implement Distributed Idempotency Key Validator in trip-reservation-service
[2026-09-30 17:27:01] [202/867] ✓ Created: [Advanced] Implement Reactive Scatter-Gather Query Aggregation in trip-reservation-service
[2026-09-30 17:27:06] [203/867] ✓ Created: [Advanced] Configure Resilience4j Sliding Window Circuit Breaker in trip-reservation-service
[2026-09-30 17:27:11] [204/867] ✓ Created: [Advanced] Enforce Compile-Time DOMA Architectural Rules via ArchUnit in trip-reservation-service
[2026-09-30 17:27:16] [205/867] ✓ Created: [Advanced] Implement Uber H3 Hexagonal Spatial Queries in trip-reservation-service
[2026-09-30 17:27:21] [206/867] ✓ Created: [Advanced] Implement Micrometer Custom Performance Metrics & Timers in trip-reservation-service
[2026-09-30 17:27:26] [207/867] ✓ Created: [Advanced] Implement W3C Distributed Tracing Context Propagation in trip-reservation-service
[2026-09-30 17:27:31] [208/867] ✓ Created: [Staff Architect] Implement Contraction Hierarchy Bidirectional Search in trip-reservation-service
[2026-09-30 17:27:36] [209/867] ✓ Created: [Staff Architect] Implement Chaos Fault Injection and Recovery Validation in trip-reservation-service
[2026-09-30 17:27:41] [210/867] ✓ Created: [Beginner] Implement Input Validation & DTO Constraints in trip-cancellation-service
[2026-09-30 17:27:46] [211/867] ✓ Created: [Beginner] Configure Spring Boot Actuator Health Indicators in trip-cancellation-service
[2026-09-30 17:27:51] [212/867] ✓ Created: [Beginner] Implement SLF4J Structured Logging & Context Propagation in trip-cancellation-service
[2026-09-30 17:27:56] [213/867] ✓ Created: [Beginner] Write Unit Tests with Mockito for Service Layer in trip-cancellation-service
[2026-09-30 17:28:02] [214/867] ✓ Created: [Beginner] Document Protocol Buffer IDL Fields in trip-cancellation-service
[2026-09-30 17:28:07] [215/867] ✓ Created: [Beginner] Implement Global Exception Translator for gRPC in trip-cancellation-service
[2026-09-30 17:28:12] [216/867] ✓ Created: [Moderate] Implement JPA Repositories & Liquibase Changelog in trip-cancellation-service
[2026-09-30 17:28:17] [217/867] ✓ Created: [Moderate] Build Transactional Outbox Event Producer in trip-cancellation-service
[2026-09-30 17:28:22] [218/867] ✓ Created: [Moderate] Implement Redis Cache-Aside Layer with TTL in trip-cancellation-service
[2026-09-30 17:28:27] [219/867] ✓ Created: [Moderate] Implement gRPC Server BindableService Implementation in trip-cancellation-service
[2026-09-30 17:28:32] [220/867] ✓ Created: [Moderate] Build Kafka Dead Letter Queue (DLQ) & Retry Policy in trip-cancellation-service
[2026-09-30 17:28:36] [221/867] ✓ Created: [Moderate] Implement Optimistic Locking with @Version in trip-cancellation-service
[2026-09-30 17:28:41] [222/867] ✓ Created: [Moderate] Implement Distributed Idempotency Key Validator in trip-cancellation-service
[2026-09-30 17:28:46] [223/867] ✓ Created: [Advanced] Implement Reactive Scatter-Gather Query Aggregation in trip-cancellation-service
[2026-09-30 17:28:51] [224/867] ✓ Created: [Advanced] Configure Resilience4j Sliding Window Circuit Breaker in trip-cancellation-service
[2026-09-30 17:28:56] [225/867] ✓ Created: [Advanced] Enforce Compile-Time DOMA Architectural Rules via ArchUnit in trip-cancellation-service
[2026-09-30 17:29:01] [226/867] ✓ Created: [Advanced] Implement Uber H3 Hexagonal Spatial Queries in trip-cancellation-service
[2026-09-30 17:29:06] [227/867] ✓ Created: [Advanced] Implement Micrometer Custom Performance Metrics & Timers in trip-cancellation-service
[2026-09-30 17:29:11] [228/867] ✓ Created: [Advanced] Implement W3C Distributed Tracing Context Propagation in trip-cancellation-service
[2026-09-30 17:29:16] [229/867] ✓ Created: [Staff Architect] Implement Contraction Hierarchy Bidirectional Search in trip-cancellation-service
[2026-09-30 17:29:21] [230/867] ✓ Created: [Staff Architect] Implement Chaos Fault Injection and Recovery Validation in trip-cancellation-service
[2026-09-30 17:29:25] [231/867] ✓ Created: [Beginner] Implement Input Validation & DTO Constraints in safety-telematics-service
[2026-09-30 17:29:30] [232/867] ✓ Created: [Beginner] Configure Spring Boot Actuator Health Indicators in safety-telematics-service
[2026-09-30 17:29:35] [233/867] ✓ Created: [Beginner] Implement SLF4J Structured Logging & Context Propagation in safety-telematics-service
[2026-09-30 17:29:39] [234/867] ✓ Created: [Beginner] Write Unit Tests with Mockito for Service Layer in safety-telematics-service
[2026-09-30 17:29:44] [235/867] ✓ Created: [Beginner] Document Protocol Buffer IDL Fields in safety-telematics-service
[2026-09-30 17:29:49] [236/867] ✓ Created: [Beginner] Implement Global Exception Translator for gRPC in safety-telematics-service
[2026-09-30 17:29:54] [237/867] ✓ Created: [Moderate] Implement JPA Repositories & Liquibase Changelog in safety-telematics-service
[2026-09-30 17:29:58] [238/867] ✓ Created: [Moderate] Build Transactional Outbox Event Producer in safety-telematics-service
[2026-09-30 17:30:04] [239/867] ✓ Created: [Moderate] Implement Redis Cache-Aside Layer with TTL in safety-telematics-service
[2026-09-30 17:30:09] [240/867] ✓ Created: [Moderate] Implement gRPC Server BindableService Implementation in safety-telematics-service
[2026-09-30 17:30:14] [241/867] ✓ Created: [Moderate] Build Kafka Dead Letter Queue (DLQ) & Retry Policy in safety-telematics-service
[2026-09-30 17:30:19] [242/867] ✓ Created: [Moderate] Implement Optimistic Locking with @Version in safety-telematics-service
[2026-09-30 17:30:24] [243/867] ✓ Created: [Moderate] Implement Distributed Idempotency Key Validator in safety-telematics-service
[2026-09-30 17:30:28] [244/867] ✓ Created: [Advanced] Implement Reactive Scatter-Gather Query Aggregation in safety-telematics-service
[2026-09-30 17:30:33] [245/867] ✓ Created: [Advanced] Configure Resilience4j Sliding Window Circuit Breaker in safety-telematics-service
[2026-09-30 17:30:38] [246/867] ✓ Created: [Advanced] Enforce Compile-Time DOMA Architectural Rules via ArchUnit in safety-telematics-service
[2026-09-30 17:30:43] [247/867] ✓ Created: [Advanced] Implement Uber H3 Hexagonal Spatial Queries in safety-telematics-service
[2026-09-30 17:30:49] [248/867] ✓ Created: [Advanced] Implement Micrometer Custom Performance Metrics & Timers in safety-telematics-service
[2026-09-30 17:30:54] [249/867] ✓ Created: [Advanced] Implement W3C Distributed Tracing Context Propagation in safety-telematics-service
[2026-09-30 17:30:59] [250/867] ✓ Created: [Staff Architect] Implement Contraction Hierarchy Bidirectional Search in safety-telematics-service
[2026-09-30 17:31:03] [251/867] ✓ Created: [Staff Architect] Implement Chaos Fault Injection and Recovery Validation in safety-telematics-service
[2026-09-30 17:31:08] [252/867] ✓ Created: [Beginner] Implement Input Validation & DTO Constraints in in-trip-chat-service
[2026-09-30 17:31:13] [253/867] ✓ Created: [Beginner] Configure Spring Boot Actuator Health Indicators in in-trip-chat-service
[2026-09-30 17:31:18] [254/867] ✓ Created: [Beginner] Implement SLF4J Structured Logging & Context Propagation in in-trip-chat-service
[2026-09-30 17:31:22] [255/867] ✓ Created: [Beginner] Write Unit Tests with Mockito for Service Layer in in-trip-chat-service
[2026-09-30 17:31:27] [256/867] ✓ Created: [Beginner] Document Protocol Buffer IDL Fields in in-trip-chat-service
[2026-09-30 17:31:32] [257/867] ✓ Created: [Beginner] Implement Global Exception Translator for gRPC in in-trip-chat-service
[2026-09-30 17:31:36] [258/867] ✓ Created: [Moderate] Implement JPA Repositories & Liquibase Changelog in in-trip-chat-service
[2026-09-30 17:31:41] [259/867] ✓ Created: [Moderate] Build Transactional Outbox Event Producer in in-trip-chat-service
[2026-09-30 17:31:46] [260/867] ✓ Created: [Moderate] Implement Redis Cache-Aside Layer with TTL in in-trip-chat-service
[2026-09-30 17:31:51] [261/867] ✓ Created: [Moderate] Implement gRPC Server BindableService Implementation in in-trip-chat-service
[2026-09-30 17:31:56] [262/867] ✓ Created: [Moderate] Build Kafka Dead Letter Queue (DLQ) & Retry Policy in in-trip-chat-service
[2026-09-30 17:32:01] [263/867] ✓ Created: [Moderate] Implement Optimistic Locking with @Version in in-trip-chat-service
[2026-09-30 17:32:06] [264/867] ✓ Created: [Moderate] Implement Distributed Idempotency Key Validator in in-trip-chat-service
[2026-09-30 17:32:10] [265/867] ✓ Created: [Advanced] Implement Reactive Scatter-Gather Query Aggregation in in-trip-chat-service
[2026-09-30 17:32:15] [266/867] ✓ Created: [Advanced] Configure Resilience4j Sliding Window Circuit Breaker in in-trip-chat-service
[2026-09-30 17:32:20] [267/867] ✓ Created: [Advanced] Enforce Compile-Time DOMA Architectural Rules via ArchUnit in in-trip-chat-service
[2026-09-30 17:32:25] [268/867] ✓ Created: [Advanced] Implement Uber H3 Hexagonal Spatial Queries in in-trip-chat-service
[2026-09-30 17:32:29] [269/867] ✓ Created: [Advanced] Implement Micrometer Custom Performance Metrics & Timers in in-trip-chat-service
[2026-09-30 17:32:34] [270/867] ✓ Created: [Advanced] Implement W3C Distributed Tracing Context Propagation in in-trip-chat-service
[2026-09-30 17:32:39] [271/867] ✓ Created: [Staff Architect] Implement Contraction Hierarchy Bidirectional Search in in-trip-chat-service
[2026-09-30 17:32:44] [272/867] ✓ Created: [Staff Architect] Implement Chaos Fault Injection and Recovery Validation in in-trip-chat-service
[2026-09-30 17:32:48] [273/867] ✓ Created: [Beginner] Implement Input Validation & DTO Constraints in lost-and-found-service
[2026-09-30 17:32:53] [274/867] ✓ Created: [Beginner] Configure Spring Boot Actuator Health Indicators in lost-and-found-service
[2026-09-30 17:32:58] [275/867] ✓ Created: [Beginner] Implement SLF4J Structured Logging & Context Propagation in lost-and-found-service
[2026-09-30 17:33:02] [276/867] ✓ Created: [Beginner] Write Unit Tests with Mockito for Service Layer in lost-and-found-service
[2026-09-30 17:33:07] [277/867] ✓ Created: [Beginner] Document Protocol Buffer IDL Fields in lost-and-found-service
[2026-09-30 17:33:12] [278/867] ✓ Created: [Beginner] Implement Global Exception Translator for gRPC in lost-and-found-service
[2026-09-30 17:33:17] [279/867] ✓ Created: [Moderate] Implement JPA Repositories & Liquibase Changelog in lost-and-found-service
[2026-09-30 17:33:21] [280/867] ✓ Created: [Moderate] Build Transactional Outbox Event Producer in lost-and-found-service
[2026-09-30 17:33:26] [281/867] ✓ Created: [Moderate] Implement Redis Cache-Aside Layer with TTL in lost-and-found-service
[2026-09-30 17:33:31] [282/867] ✓ Created: [Moderate] Implement gRPC Server BindableService Implementation in lost-and-found-service
[2026-09-30 17:33:36] [283/867] ✓ Created: [Moderate] Build Kafka Dead Letter Queue (DLQ) & Retry Policy in lost-and-found-service
[2026-09-30 17:33:40] [284/867] ✓ Created: [Moderate] Implement Optimistic Locking with @Version in lost-and-found-service
[2026-09-30 17:33:45] [285/867] ✓ Created: [Moderate] Implement Distributed Idempotency Key Validator in lost-and-found-service
[2026-09-30 17:33:49] [286/867] ✓ Created: [Advanced] Implement Reactive Scatter-Gather Query Aggregation in lost-and-found-service
[2026-09-30 17:33:54] [287/867] ✓ Created: [Advanced] Configure Resilience4j Sliding Window Circuit Breaker in lost-and-found-service
[2026-09-30 17:33:59] [288/867] ✓ Created: [Advanced] Enforce Compile-Time DOMA Architectural Rules via ArchUnit in lost-and-found-service
[2026-09-30 17:34:04] [289/867] ✓ Created: [Advanced] Implement Uber H3 Hexagonal Spatial Queries in lost-and-found-service
[2026-09-30 17:34:09] [290/867] ✓ Created: [Advanced] Implement Micrometer Custom Performance Metrics & Timers in lost-and-found-service
[2026-09-30 17:34:14] [291/867] ✓ Created: [Advanced] Implement W3C Distributed Tracing Context Propagation in lost-and-found-service
[2026-09-30 17:34:19] [292/867] ✓ Created: [Staff Architect] Implement Contraction Hierarchy Bidirectional Search in lost-and-found-service
[2026-09-30 17:34:24] [293/867] ✓ Created: [Staff Architect] Implement Chaos Fault Injection and Recovery Validation in lost-and-found-service
[2026-09-30 17:34:29] [294/867] ✓ Created: [Beginner] Implement Input Validation & DTO Constraints in toll-highway-surcharge-service
[2026-09-30 17:34:35] [295/867] ✓ Created: [Beginner] Configure Spring Boot Actuator Health Indicators in toll-highway-surcharge-service
[2026-09-30 17:34:40] [296/867] ✓ Created: [Beginner] Implement SLF4J Structured Logging & Context Propagation in toll-highway-surcharge-service
[2026-09-30 17:34:44] [297/867] ✓ Created: [Beginner] Write Unit Tests with Mockito for Service Layer in toll-highway-surcharge-service
[2026-09-30 17:34:50] [298/867] ✓ Created: [Beginner] Document Protocol Buffer IDL Fields in toll-highway-surcharge-service
[2026-09-30 17:34:54] [299/867] ✓ Created: [Beginner] Implement Global Exception Translator for gRPC in toll-highway-surcharge-service
[2026-09-30 17:34:59] [300/867] ✓ Created: [Moderate] Implement JPA Repositories & Liquibase Changelog in toll-highway-surcharge-service
[2026-09-30 17:35:03] [301/867] ✓ Created: [Moderate] Build Transactional Outbox Event Producer in toll-highway-surcharge-service
[2026-09-30 17:35:08] [302/867] ✓ Created: [Moderate] Implement Redis Cache-Aside Layer with TTL in toll-highway-surcharge-service
[2026-09-30 17:35:14] [303/867] ✓ Created: [Moderate] Implement gRPC Server BindableService Implementation in toll-highway-surcharge-service
[2026-09-30 17:35:18] [304/867] ✓ Created: [Moderate] Build Kafka Dead Letter Queue (DLQ) & Retry Policy in toll-highway-surcharge-service
[2026-09-30 17:35:23] [305/867] ✓ Created: [Moderate] Implement Optimistic Locking with @Version in toll-highway-surcharge-service
[2026-09-30 17:35:28] [306/867] ✓ Created: [Moderate] Implement Distributed Idempotency Key Validator in toll-highway-surcharge-service
[2026-09-30 17:35:33] [307/867] ✓ Created: [Advanced] Implement Reactive Scatter-Gather Query Aggregation in toll-highway-surcharge-service
[2026-09-30 17:35:38] [308/867] ✓ Created: [Advanced] Configure Resilience4j Sliding Window Circuit Breaker in toll-highway-surcharge-service
[2026-09-30 17:35:43] [309/867] ✓ Created: [Advanced] Enforce Compile-Time DOMA Architectural Rules via ArchUnit in toll-highway-surcharge-service
[2026-09-30 17:35:48] [310/867] ✓ Created: [Advanced] Implement Uber H3 Hexagonal Spatial Queries in toll-highway-surcharge-service
[2026-09-30 17:35:52] [311/867] ✓ Created: [Advanced] Implement Micrometer Custom Performance Metrics & Timers in toll-highway-surcharge-service
[2026-09-30 17:35:57] [312/867] ✓ Created: [Advanced] Implement W3C Distributed Tracing Context Propagation in toll-highway-surcharge-service
[2026-09-30 17:36:03] [313/867] ✓ Created: [Staff Architect] Implement Contraction Hierarchy Bidirectional Search in toll-highway-surcharge-service
[2026-09-30 17:36:08] [314/867] ✓ Created: [Staff Architect] Implement Chaos Fault Injection and Recovery Validation in toll-highway-surcharge-service
[2026-09-30 17:36:13] [315/867] ✓ Created: [Beginner] Implement Input Validation & DTO Constraints in fare-quotation-service
[2026-09-30 17:36:18] [316/867] ✓ Created: [Beginner] Configure Spring Boot Actuator Health Indicators in fare-quotation-service
[2026-09-30 17:36:23] [317/867] ✓ Created: [Beginner] Implement SLF4J Structured Logging & Context Propagation in fare-quotation-service
[2026-09-30 17:36:28] [318/867] ✓ Created: [Beginner] Write Unit Tests with Mockito for Service Layer in fare-quotation-service
[2026-09-30 17:36:33] [319/867] ✓ Created: [Beginner] Document Protocol Buffer IDL Fields in fare-quotation-service
[2026-09-30 17:36:38] [320/867] ✓ Created: [Beginner] Implement Global Exception Translator for gRPC in fare-quotation-service
[2026-09-30 17:36:43] [321/867] ✓ Created: [Moderate] Implement JPA Repositories & Liquibase Changelog in fare-quotation-service
[2026-09-30 17:36:48] [322/867] ✓ Created: [Moderate] Build Transactional Outbox Event Producer in fare-quotation-service
[2026-09-30 17:36:53] [323/867] ✓ Created: [Moderate] Implement Redis Cache-Aside Layer with TTL in fare-quotation-service
[2026-09-30 17:36:58] [324/867] ✓ Created: [Moderate] Implement gRPC Server BindableService Implementation in fare-quotation-service
[2026-09-30 17:37:03] [325/867] ✓ Created: [Moderate] Build Kafka Dead Letter Queue (DLQ) & Retry Policy in fare-quotation-service
[2026-09-30 17:37:14] [326/867] ✓ Created: [Moderate] Implement Optimistic Locking with @Version in fare-quotation-service
[2026-09-30 17:37:19] [327/867] ✓ Created: [Moderate] Implement Distributed Idempotency Key Validator in fare-quotation-service
[2026-09-30 17:37:24] [328/867] ✓ Created: [Advanced] Implement Reactive Scatter-Gather Query Aggregation in fare-quotation-service
[2026-09-30 17:37:29] [329/867] ✓ Created: [Advanced] Configure Resilience4j Sliding Window Circuit Breaker in fare-quotation-service
[2026-09-30 17:37:33] [330/867] ✓ Created: [Advanced] Enforce Compile-Time DOMA Architectural Rules via ArchUnit in fare-quotation-service
[2026-09-30 17:37:38] [331/867] ✓ Created: [Advanced] Implement Uber H3 Hexagonal Spatial Queries in fare-quotation-service
[2026-09-30 17:37:43] [332/867] ✓ Created: [Advanced] Implement Micrometer Custom Performance Metrics & Timers in fare-quotation-service
[2026-09-30 17:37:48] [333/867] ✓ Created: [Advanced] Implement W3C Distributed Tracing Context Propagation in fare-quotation-service
[2026-09-30 17:37:53] [334/867] ✓ Created: [Staff Architect] Implement Contraction Hierarchy Bidirectional Search in fare-quotation-service
[2026-09-30 17:37:58] [335/867] ✓ Created: [Staff Architect] Implement Chaos Fault Injection and Recovery Validation in fare-quotation-service
[2026-09-30 17:38:03] [336/867] ✓ Created: [Beginner] Implement Input Validation & DTO Constraints in payment-orchestrator-service
[2026-09-30 17:38:08] [337/867] ✓ Created: [Beginner] Configure Spring Boot Actuator Health Indicators in payment-orchestrator-service
[2026-09-30 17:38:13] [338/867] ✓ Created: [Beginner] Implement SLF4J Structured Logging & Context Propagation in payment-orchestrator-service
[2026-09-30 17:38:18] [339/867] ✓ Created: [Beginner] Write Unit Tests with Mockito for Service Layer in payment-orchestrator-service
[2026-09-30 17:38:22] [340/867] ✓ Created: [Beginner] Document Protocol Buffer IDL Fields in payment-orchestrator-service
[2026-09-30 17:38:27] [341/867] ✓ Created: [Beginner] Implement Global Exception Translator for gRPC in payment-orchestrator-service
[2026-09-30 17:38:32] [342/867] ✓ Created: [Moderate] Implement JPA Repositories & Liquibase Changelog in payment-orchestrator-service
[2026-09-30 17:38:37] [343/867] ✓ Created: [Moderate] Build Transactional Outbox Event Producer in payment-orchestrator-service
[2026-09-30 17:38:42] [344/867] ✓ Created: [Moderate] Implement Redis Cache-Aside Layer with TTL in payment-orchestrator-service
[2026-09-30 17:38:46] [345/867] ✓ Created: [Moderate] Implement gRPC Server BindableService Implementation in payment-orchestrator-service
[2026-09-30 17:38:51] [346/867] ✓ Created: [Moderate] Build Kafka Dead Letter Queue (DLQ) & Retry Policy in payment-orchestrator-service
[2026-09-30 17:38:56] [347/867] ✓ Created: [Moderate] Implement Optimistic Locking with @Version in payment-orchestrator-service
[2026-09-30 17:39:01] [348/867] ✓ Created: [Moderate] Implement Distributed Idempotency Key Validator in payment-orchestrator-service
[2026-09-30 17:39:06] [349/867] ✓ Created: [Advanced] Implement Reactive Scatter-Gather Query Aggregation in payment-orchestrator-service
[2026-09-30 17:39:11] [350/867] ✓ Created: [Advanced] Configure Resilience4j Sliding Window Circuit Breaker in payment-orchestrator-service
[2026-09-30 17:39:16] [351/867] ✓ Created: [Advanced] Enforce Compile-Time DOMA Architectural Rules via ArchUnit in payment-orchestrator-service
[2026-09-30 17:39:20] [352/867] ✓ Created: [Advanced] Implement Uber H3 Hexagonal Spatial Queries in payment-orchestrator-service
[2026-09-30 17:39:25] [353/867] ✓ Created: [Advanced] Implement Micrometer Custom Performance Metrics & Timers in payment-orchestrator-service
[2026-09-30 17:39:31] [354/867] ✓ Created: [Advanced] Implement W3C Distributed Tracing Context Propagation in payment-orchestrator-service
[2026-09-30 17:39:36] [355/867] ✓ Created: [Staff Architect] Implement Contraction Hierarchy Bidirectional Search in payment-orchestrator-service
[2026-09-30 17:39:41] [356/867] ✓ Created: [Staff Architect] Implement Chaos Fault Injection and Recovery Validation in payment-orchestrator-service
[2026-09-30 17:39:45] [357/867] ✓ Created: [Beginner] Implement Input Validation & DTO Constraints in invoicing-ledger-service
[2026-09-30 17:39:50] [358/867] ✓ Created: [Beginner] Configure Spring Boot Actuator Health Indicators in invoicing-ledger-service
[2026-09-30 17:39:55] [359/867] ✓ Created: [Beginner] Implement SLF4J Structured Logging & Context Propagation in invoicing-ledger-service
[2026-09-30 17:40:00] [360/867] ✓ Created: [Beginner] Write Unit Tests with Mockito for Service Layer in invoicing-ledger-service
[2026-09-30 17:40:05] [361/867] ✓ Created: [Beginner] Document Protocol Buffer IDL Fields in invoicing-ledger-service
[2026-09-30 17:40:10] [362/867] ✓ Created: [Beginner] Implement Global Exception Translator for gRPC in invoicing-ledger-service
[2026-09-30 17:40:15] [363/867] ✓ Created: [Moderate] Implement JPA Repositories & Liquibase Changelog in invoicing-ledger-service
[2026-09-30 17:40:20] [364/867] ✓ Created: [Moderate] Build Transactional Outbox Event Producer in invoicing-ledger-service
[2026-09-30 17:40:25] [365/867] ✓ Created: [Moderate] Implement Redis Cache-Aside Layer with TTL in invoicing-ledger-service
[2026-09-30 17:40:29] [366/867] ✓ Created: [Moderate] Implement gRPC Server BindableService Implementation in invoicing-ledger-service
[2026-09-30 17:40:34] [367/867] ✓ Created: [Moderate] Build Kafka Dead Letter Queue (DLQ) & Retry Policy in invoicing-ledger-service
[2026-09-30 17:40:40] [368/867] ✓ Created: [Moderate] Implement Optimistic Locking with @Version in invoicing-ledger-service
[2026-09-30 17:40:45] [369/867] ✓ Created: [Moderate] Implement Distributed Idempotency Key Validator in invoicing-ledger-service
[2026-09-30 17:40:50] [370/867] ✓ Created: [Advanced] Implement Reactive Scatter-Gather Query Aggregation in invoicing-ledger-service
[2026-09-30 17:40:54] [371/867] ✓ Created: [Advanced] Configure Resilience4j Sliding Window Circuit Breaker in invoicing-ledger-service
[2026-09-30 17:41:00] [372/867] ✓ Created: [Advanced] Enforce Compile-Time DOMA Architectural Rules via ArchUnit in invoicing-ledger-service
[2026-09-30 17:41:05] [373/867] ✓ Created: [Advanced] Implement Uber H3 Hexagonal Spatial Queries in invoicing-ledger-service
[2026-09-30 17:41:10] [374/867] ✓ Created: [Advanced] Implement Micrometer Custom Performance Metrics & Timers in invoicing-ledger-service
[2026-09-30 17:41:15] [375/867] ✓ Created: [Advanced] Implement W3C Distributed Tracing Context Propagation in invoicing-ledger-service
[2026-09-30 17:41:19] [376/867] ✓ Created: [Staff Architect] Implement Contraction Hierarchy Bidirectional Search in invoicing-ledger-service
[2026-09-30 17:41:25] [377/867] ✓ Created: [Staff Architect] Implement Chaos Fault Injection and Recovery Validation in invoicing-ledger-service
[2026-09-30 17:41:31] [378/867] ✓ Created: [Beginner] Implement Input Validation & DTO Constraints in driver-instant-payout-service
[2026-09-30 17:41:36] [379/867] ✓ Created: [Beginner] Configure Spring Boot Actuator Health Indicators in driver-instant-payout-service
[2026-09-30 17:41:40] [380/867] ✓ Created: [Beginner] Implement SLF4J Structured Logging & Context Propagation in driver-instant-payout-service
[2026-09-30 17:41:46] [381/867] ✓ Created: [Beginner] Write Unit Tests with Mockito for Service Layer in driver-instant-payout-service
[2026-09-30 17:41:51] [382/867] ✓ Created: [Beginner] Document Protocol Buffer IDL Fields in driver-instant-payout-service
[2026-09-30 17:41:55] [383/867] ✓ Created: [Beginner] Implement Global Exception Translator for gRPC in driver-instant-payout-service
[2026-09-30 17:42:00] [384/867] ✓ Created: [Moderate] Implement JPA Repositories & Liquibase Changelog in driver-instant-payout-service
[2026-09-30 17:42:06] [385/867] ✓ Created: [Moderate] Build Transactional Outbox Event Producer in driver-instant-payout-service
[2026-09-30 17:42:10] [386/867] ✓ Created: [Moderate] Implement Redis Cache-Aside Layer with TTL in driver-instant-payout-service
[2026-09-30 17:42:16] [387/867] ✓ Created: [Moderate] Implement gRPC Server BindableService Implementation in driver-instant-payout-service
[2026-09-30 17:42:21] [388/867] ✓ Created: [Moderate] Build Kafka Dead Letter Queue (DLQ) & Retry Policy in driver-instant-payout-service
[2026-09-30 17:42:27] [389/867] ✓ Created: [Moderate] Implement Optimistic Locking with @Version in driver-instant-payout-service
[2026-09-30 17:42:31] [390/867] ✓ Created: [Moderate] Implement Distributed Idempotency Key Validator in driver-instant-payout-service
[2026-09-30 17:42:36] [391/867] ✓ Created: [Advanced] Implement Reactive Scatter-Gather Query Aggregation in driver-instant-payout-service
[2026-09-30 17:42:41] [392/867] ✓ Created: [Advanced] Configure Resilience4j Sliding Window Circuit Breaker in driver-instant-payout-service
[2026-09-30 17:42:46] [393/867] ✓ Created: [Advanced] Enforce Compile-Time DOMA Architectural Rules via ArchUnit in driver-instant-payout-service
[2026-09-30 17:42:51] [394/867] ✓ Created: [Advanced] Implement Uber H3 Hexagonal Spatial Queries in driver-instant-payout-service
[2026-09-30 17:42:56] [395/867] ✓ Created: [Advanced] Implement Micrometer Custom Performance Metrics & Timers in driver-instant-payout-service
[2026-09-30 17:43:01] [396/867] ✓ Created: [Advanced] Implement W3C Distributed Tracing Context Propagation in driver-instant-payout-service
[2026-09-30 17:43:06] [397/867] ✓ Created: [Staff Architect] Implement Contraction Hierarchy Bidirectional Search in driver-instant-payout-service
[2026-09-30 17:43:12] [398/867] ✓ Created: [Staff Architect] Implement Chaos Fault Injection and Recovery Validation in driver-instant-payout-service
[2026-09-30 17:43:17] [399/867] ✓ Created: [Beginner] Implement Input Validation & DTO Constraints in fare-split-service
[2026-09-30 17:43:22] [400/867] ✓ Created: [Beginner] Configure Spring Boot Actuator Health Indicators in fare-split-service
[2026-09-30 17:43:27] [401/867] ✓ Created: [Beginner] Implement SLF4J Structured Logging & Context Propagation in fare-split-service
[2026-09-30 17:43:32] [402/867] ✓ Created: [Beginner] Write Unit Tests with Mockito for Service Layer in fare-split-service
[2026-09-30 17:43:37] [403/867] ✓ Created: [Beginner] Document Protocol Buffer IDL Fields in fare-split-service
[2026-09-30 17:43:42] [404/867] ✓ Created: [Beginner] Implement Global Exception Translator for gRPC in fare-split-service
[2026-09-30 17:43:47] [405/867] ✓ Created: [Moderate] Implement JPA Repositories & Liquibase Changelog in fare-split-service
[2026-09-30 17:43:52] [406/867] ✓ Created: [Moderate] Build Transactional Outbox Event Producer in fare-split-service
[2026-09-30 17:43:58] [407/867] ✓ Created: [Moderate] Implement Redis Cache-Aside Layer with TTL in fare-split-service
[2026-09-30 17:44:03] [408/867] ✓ Created: [Moderate] Implement gRPC Server BindableService Implementation in fare-split-service
[2026-09-30 17:44:08] [409/867] ✓ Created: [Moderate] Build Kafka Dead Letter Queue (DLQ) & Retry Policy in fare-split-service
[2026-09-30 17:44:13] [410/867] ✓ Created: [Moderate] Implement Optimistic Locking with @Version in fare-split-service
[2026-09-30 17:44:18] [411/867] ✓ Created: [Moderate] Implement Distributed Idempotency Key Validator in fare-split-service
[2026-09-30 17:44:23] [412/867] ✓ Created: [Advanced] Implement Reactive Scatter-Gather Query Aggregation in fare-split-service
[2026-09-30 17:44:29] [413/867] ✓ Created: [Advanced] Configure Resilience4j Sliding Window Circuit Breaker in fare-split-service
[2026-09-30 17:44:34] [414/867] ✓ Created: [Advanced] Enforce Compile-Time DOMA Architectural Rules via ArchUnit in fare-split-service
[2026-09-30 17:44:40] [415/867] ✓ Created: [Advanced] Implement Uber H3 Hexagonal Spatial Queries in fare-split-service
[2026-09-30 17:44:45] [416/867] ✓ Created: [Advanced] Implement Micrometer Custom Performance Metrics & Timers in fare-split-service
[2026-09-30 17:44:51] [417/867] ✓ Created: [Advanced] Implement W3C Distributed Tracing Context Propagation in fare-split-service
[2026-09-30 17:44:56] [418/867] ✓ Created: [Staff Architect] Implement Contraction Hierarchy Bidirectional Search in fare-split-service
[2026-09-30 17:45:00] [419/867] ✓ Created: [Staff Architect] Implement Chaos Fault Injection and Recovery Validation in fare-split-service
[2026-09-30 17:45:06] [420/867] ✓ Created: [Beginner] Implement Input Validation & DTO Constraints in promo-rider-discount-service
[2026-09-30 17:45:11] [421/867] ✓ Created: [Beginner] Configure Spring Boot Actuator Health Indicators in promo-rider-discount-service
[2026-09-30 17:45:15] [422/867] ✓ Created: [Beginner] Implement SLF4J Structured Logging & Context Propagation in promo-rider-discount-service
[2026-09-30 17:45:21] [423/867] ✓ Created: [Beginner] Write Unit Tests with Mockito for Service Layer in promo-rider-discount-service
[2026-09-30 17:45:25] [424/867] ✓ Created: [Beginner] Document Protocol Buffer IDL Fields in promo-rider-discount-service
[2026-09-30 17:45:30] [425/867] ✓ Created: [Beginner] Implement Global Exception Translator for gRPC in promo-rider-discount-service
[2026-09-30 17:45:35] [426/867] ✓ Created: [Moderate] Implement JPA Repositories & Liquibase Changelog in promo-rider-discount-service
[2026-09-30 17:45:40] [427/867] ✓ Created: [Moderate] Build Transactional Outbox Event Producer in promo-rider-discount-service
[2026-09-30 17:45:45] [428/867] ✓ Created: [Moderate] Implement Redis Cache-Aside Layer with TTL in promo-rider-discount-service
[2026-09-30 17:45:50] [429/867] ✓ Created: [Moderate] Implement gRPC Server BindableService Implementation in promo-rider-discount-service
[2026-09-30 17:45:55] [430/867] ✓ Created: [Moderate] Build Kafka Dead Letter Queue (DLQ) & Retry Policy in promo-rider-discount-service
[2026-09-30 17:46:00] [431/867] ✓ Created: [Moderate] Implement Optimistic Locking with @Version in promo-rider-discount-service
[2026-09-30 17:46:04] [432/867] ✓ Created: [Moderate] Implement Distributed Idempotency Key Validator in promo-rider-discount-service
[2026-09-30 17:46:09] [433/867] ✓ Created: [Advanced] Implement Reactive Scatter-Gather Query Aggregation in promo-rider-discount-service
[2026-09-30 17:46:14] [434/867] ✓ Created: [Advanced] Configure Resilience4j Sliding Window Circuit Breaker in promo-rider-discount-service
[2026-09-30 17:46:19] [435/867] ✓ Created: [Advanced] Enforce Compile-Time DOMA Architectural Rules via ArchUnit in promo-rider-discount-service
[2026-09-30 17:46:24] [436/867] ✓ Created: [Advanced] Implement Uber H3 Hexagonal Spatial Queries in promo-rider-discount-service
[2026-09-30 17:46:29] [437/867] ✓ Created: [Advanced] Implement Micrometer Custom Performance Metrics & Timers in promo-rider-discount-service
[2026-09-30 17:46:33] [438/867] ✓ Created: [Advanced] Implement W3C Distributed Tracing Context Propagation in promo-rider-discount-service
[2026-09-30 17:46:38] [439/867] ✓ Created: [Staff Architect] Implement Contraction Hierarchy Bidirectional Search in promo-rider-discount-service
[2026-09-30 17:46:43] [440/867] ✓ Created: [Staff Architect] Implement Chaos Fault Injection and Recovery Validation in promo-rider-discount-service
[2026-09-30 17:46:47] [441/867] ✓ Created: [Beginner] Implement Input Validation & DTO Constraints in tax-compliance-service
[2026-09-30 17:46:52] [442/867] ✓ Created: [Beginner] Configure Spring Boot Actuator Health Indicators in tax-compliance-service
[2026-09-30 17:46:57] [443/867] ✓ Created: [Beginner] Implement SLF4J Structured Logging & Context Propagation in tax-compliance-service
[2026-09-30 17:47:02] [444/867] ✓ Created: [Beginner] Write Unit Tests with Mockito for Service Layer in tax-compliance-service
[2026-09-30 17:47:08] [445/867] ✓ Created: [Beginner] Document Protocol Buffer IDL Fields in tax-compliance-service
[2026-09-30 17:47:13] [446/867] ✓ Created: [Beginner] Implement Global Exception Translator for gRPC in tax-compliance-service
[2026-09-30 17:47:18] [447/867] ✓ Created: [Moderate] Implement JPA Repositories & Liquibase Changelog in tax-compliance-service
[2026-09-30 17:47:23] [448/867] ✓ Created: [Moderate] Build Transactional Outbox Event Producer in tax-compliance-service
[2026-09-30 17:47:28] [449/867] ✓ Created: [Moderate] Implement Redis Cache-Aside Layer with TTL in tax-compliance-service
[2026-09-30 17:47:32] [450/867] ✓ Created: [Moderate] Implement gRPC Server BindableService Implementation in tax-compliance-service
[2026-09-30 17:47:37] [451/867] ✓ Created: [Moderate] Build Kafka Dead Letter Queue (DLQ) & Retry Policy in tax-compliance-service
[2026-09-30 17:47:42] [452/867] ✓ Created: [Moderate] Implement Optimistic Locking with @Version in tax-compliance-service
[2026-09-30 17:47:47] [453/867] ✓ Created: [Moderate] Implement Distributed Idempotency Key Validator in tax-compliance-service
[2026-09-30 17:47:52] [454/867] ✓ Created: [Advanced] Implement Reactive Scatter-Gather Query Aggregation in tax-compliance-service
[2026-09-30 17:47:57] [455/867] ✓ Created: [Advanced] Configure Resilience4j Sliding Window Circuit Breaker in tax-compliance-service
[2026-09-30 17:48:01] [456/867] ✓ Created: [Advanced] Enforce Compile-Time DOMA Architectural Rules via ArchUnit in tax-compliance-service
[2026-09-30 17:48:06] [457/867] ✓ Created: [Advanced] Implement Uber H3 Hexagonal Spatial Queries in tax-compliance-service
[2026-09-30 17:48:11] [458/867] ✓ Created: [Advanced] Implement Micrometer Custom Performance Metrics & Timers in tax-compliance-service
[2026-09-30 17:48:16] [459/867] ✓ Created: [Advanced] Implement W3C Distributed Tracing Context Propagation in tax-compliance-service
[2026-09-30 17:48:20] [460/867] ✓ Created: [Staff Architect] Implement Contraction Hierarchy Bidirectional Search in tax-compliance-service
[2026-09-30 17:48:25] [461/867] ✓ Created: [Staff Architect] Implement Chaos Fault Injection and Recovery Validation in tax-compliance-service
[2026-09-30 17:48:30] [462/867] ✓ Created: [Beginner] Implement Input Validation & DTO Constraints in driver-onboarding-service
[2026-09-30 17:48:35] [463/867] ✓ Created: [Beginner] Configure Spring Boot Actuator Health Indicators in driver-onboarding-service
[2026-09-30 17:48:39] [464/867] ✓ Created: [Beginner] Implement SLF4J Structured Logging & Context Propagation in driver-onboarding-service
[2026-09-30 17:48:45] [465/867] ✓ Created: [Beginner] Write Unit Tests with Mockito for Service Layer in driver-onboarding-service
[2026-09-30 17:48:49] [466/867] ✓ Created: [Beginner] Document Protocol Buffer IDL Fields in driver-onboarding-service
[2026-09-30 17:48:56] [467/867] ✓ Created: [Beginner] Implement Global Exception Translator for gRPC in driver-onboarding-service
[2026-09-30 17:49:02] [468/867] ✓ Created: [Moderate] Implement JPA Repositories & Liquibase Changelog in driver-onboarding-service
[2026-09-30 17:49:07] [469/867] ✓ Created: [Moderate] Build Transactional Outbox Event Producer in driver-onboarding-service
[2026-09-30 17:49:13] [470/867] ✓ Created: [Moderate] Implement Redis Cache-Aside Layer with TTL in driver-onboarding-service
[2026-09-30 17:49:18] [471/867] ✓ Created: [Moderate] Implement gRPC Server BindableService Implementation in driver-onboarding-service
[2026-09-30 17:49:23] [472/867] ✓ Created: [Moderate] Build Kafka Dead Letter Queue (DLQ) & Retry Policy in driver-onboarding-service
[2026-09-30 17:49:28] [473/867] ✓ Created: [Moderate] Implement Optimistic Locking with @Version in driver-onboarding-service
[2026-09-30 17:49:33] [474/867] ✓ Created: [Moderate] Implement Distributed Idempotency Key Validator in driver-onboarding-service
[2026-09-30 17:49:38] [475/867] ✓ Created: [Advanced] Implement Reactive Scatter-Gather Query Aggregation in driver-onboarding-service
[2026-09-30 17:49:43] [476/867] ✓ Created: [Advanced] Configure Resilience4j Sliding Window Circuit Breaker in driver-onboarding-service
[2026-09-30 17:49:48] [477/867] ✓ Created: [Advanced] Enforce Compile-Time DOMA Architectural Rules via ArchUnit in driver-onboarding-service
[2026-09-30 17:49:53] [478/867] ✓ Created: [Advanced] Implement Uber H3 Hexagonal Spatial Queries in driver-onboarding-service
[2026-09-30 17:49:58] [479/867] ✓ Created: [Advanced] Implement Micrometer Custom Performance Metrics & Timers in driver-onboarding-service
[2026-09-30 17:50:03] [480/867] ✓ Created: [Advanced] Implement W3C Distributed Tracing Context Propagation in driver-onboarding-service
[2026-09-30 17:50:08] [481/867] ✓ Created: [Staff Architect] Implement Contraction Hierarchy Bidirectional Search in driver-onboarding-service
[2026-09-30 17:50:13] [482/867] ✓ Created: [Staff Architect] Implement Chaos Fault Injection and Recovery Validation in driver-onboarding-service
[2026-09-30 17:50:18] [483/867] ✓ Created: [Beginner] Implement Input Validation & DTO Constraints in vehicle-registry-service
[2026-09-30 17:50:23] [484/867] ✓ Created: [Beginner] Configure Spring Boot Actuator Health Indicators in vehicle-registry-service
[2026-09-30 17:50:28] [485/867] ✓ Created: [Beginner] Implement SLF4J Structured Logging & Context Propagation in vehicle-registry-service
[2026-09-30 17:50:32] [486/867] ✓ Created: [Beginner] Write Unit Tests with Mockito for Service Layer in vehicle-registry-service
[2026-09-30 17:50:37] [487/867] ✓ Created: [Beginner] Document Protocol Buffer IDL Fields in vehicle-registry-service
[2026-09-30 17:50:41] [488/867] ✓ Created: [Beginner] Implement Global Exception Translator for gRPC in vehicle-registry-service
[2026-09-30 17:50:46] [489/867] ✓ Created: [Moderate] Implement JPA Repositories & Liquibase Changelog in vehicle-registry-service
[2026-09-30 17:50:50] [490/867] ✓ Created: [Moderate] Build Transactional Outbox Event Producer in vehicle-registry-service
[2026-09-30 17:50:55] [491/867] ✓ Created: [Moderate] Implement Redis Cache-Aside Layer with TTL in vehicle-registry-service
[2026-09-30 17:51:00] [492/867] ✓ Created: [Moderate] Implement gRPC Server BindableService Implementation in vehicle-registry-service
[2026-09-30 17:51:05] [493/867] ✓ Created: [Moderate] Build Kafka Dead Letter Queue (DLQ) & Retry Policy in vehicle-registry-service
[2026-09-30 17:51:10] [494/867] ✓ Created: [Moderate] Implement Optimistic Locking with @Version in vehicle-registry-service
[2026-09-30 17:51:15] [495/867] ✓ Created: [Moderate] Implement Distributed Idempotency Key Validator in vehicle-registry-service
[2026-09-30 17:51:19] [496/867] ✓ Created: [Advanced] Implement Reactive Scatter-Gather Query Aggregation in vehicle-registry-service
[2026-09-30 17:51:24] [497/867] ✓ Created: [Advanced] Configure Resilience4j Sliding Window Circuit Breaker in vehicle-registry-service
[2026-09-30 17:51:28] [498/867] ✓ Created: [Advanced] Enforce Compile-Time DOMA Architectural Rules via ArchUnit in vehicle-registry-service
[2026-09-30 17:51:33] [499/867] ✓ Created: [Advanced] Implement Uber H3 Hexagonal Spatial Queries in vehicle-registry-service
[2026-09-30 17:51:38] [500/867] ✓ Created: [Advanced] Implement Micrometer Custom Performance Metrics & Timers in vehicle-registry-service
[2026-09-30 17:51:42] [501/867] ✓ Created: [Advanced] Implement W3C Distributed Tracing Context Propagation in vehicle-registry-service
[2026-09-30 17:51:47] [502/867] ✓ Created: [Staff Architect] Implement Contraction Hierarchy Bidirectional Search in vehicle-registry-service
[2026-09-30 17:51:52] [503/867] ✓ Created: [Staff Architect] Implement Chaos Fault Injection and Recovery Validation in vehicle-registry-service
[2026-09-30 17:51:57] [504/867] ✓ Created: [Beginner] Implement Input Validation & DTO Constraints in driver-compliance-service
[2026-09-30 17:52:01] [505/867] ✓ Created: [Beginner] Configure Spring Boot Actuator Health Indicators in driver-compliance-service
[2026-09-30 17:52:06] [506/867] ✓ Created: [Beginner] Implement SLF4J Structured Logging & Context Propagation in driver-compliance-service
[2026-09-30 17:52:10] [507/867] ✓ Created: [Beginner] Write Unit Tests with Mockito for Service Layer in driver-compliance-service
[2026-09-30 17:52:15] [508/867] ✓ Created: [Beginner] Document Protocol Buffer IDL Fields in driver-compliance-service
[2026-09-30 17:52:19] [509/867] ✓ Created: [Beginner] Implement Global Exception Translator for gRPC in driver-compliance-service
[2026-09-30 17:52:24] [510/867] ✓ Created: [Moderate] Implement JPA Repositories & Liquibase Changelog in driver-compliance-service
[2026-09-30 17:52:28] [511/867] ✓ Created: [Moderate] Build Transactional Outbox Event Producer in driver-compliance-service
[2026-09-30 17:52:32] [512/867] ✓ Created: [Moderate] Implement Redis Cache-Aside Layer with TTL in driver-compliance-service
[2026-09-30 17:52:37] [513/867] ✓ Created: [Moderate] Implement gRPC Server BindableService Implementation in driver-compliance-service
[2026-09-30 17:52:42] [514/867] ✓ Created: [Moderate] Build Kafka Dead Letter Queue (DLQ) & Retry Policy in driver-compliance-service
[2026-09-30 17:52:46] [515/867] ✓ Created: [Moderate] Implement Optimistic Locking with @Version in driver-compliance-service
[2026-09-30 17:52:51] [516/867] ✓ Created: [Moderate] Implement Distributed Idempotency Key Validator in driver-compliance-service
[2026-09-30 17:52:56] [517/867] ✓ Created: [Advanced] Implement Reactive Scatter-Gather Query Aggregation in driver-compliance-service
[2026-09-30 17:53:01] [518/867] ✓ Created: [Advanced] Configure Resilience4j Sliding Window Circuit Breaker in driver-compliance-service
[2026-09-30 17:53:06] [519/867] ✓ Created: [Advanced] Enforce Compile-Time DOMA Architectural Rules via ArchUnit in driver-compliance-service
[2026-09-30 17:53:11] [520/867] ✓ Created: [Advanced] Implement Uber H3 Hexagonal Spatial Queries in driver-compliance-service
[2026-09-30 17:53:16] [521/867] ✓ Created: [Advanced] Implement Micrometer Custom Performance Metrics & Timers in driver-compliance-service
[2026-09-30 17:53:21] [522/867] ✓ Created: [Advanced] Implement W3C Distributed Tracing Context Propagation in driver-compliance-service
[2026-09-30 17:53:25] [523/867] ✓ Created: [Staff Architect] Implement Contraction Hierarchy Bidirectional Search in driver-compliance-service
[2026-09-30 17:53:30] [524/867] ✓ Created: [Staff Architect] Implement Chaos Fault Injection and Recovery Validation in driver-compliance-service
[2026-09-30 17:53:34] [525/867] ✓ Created: [Beginner] Implement Input Validation & DTO Constraints in fleet-partner-service
[2026-09-30 17:53:39] [526/867] ✓ Created: [Beginner] Configure Spring Boot Actuator Health Indicators in fleet-partner-service
[2026-09-30 17:53:43] [527/867] ✓ Created: [Beginner] Implement SLF4J Structured Logging & Context Propagation in fleet-partner-service
[2026-09-30 17:53:48] [528/867] ✓ Created: [Beginner] Write Unit Tests with Mockito for Service Layer in fleet-partner-service
[2026-09-30 17:53:53] [529/867] ✓ Created: [Beginner] Document Protocol Buffer IDL Fields in fleet-partner-service
[2026-09-30 17:53:57] [530/867] ✓ Created: [Beginner] Implement Global Exception Translator for gRPC in fleet-partner-service
[2026-09-30 17:54:02] [531/867] ✓ Created: [Moderate] Implement JPA Repositories & Liquibase Changelog in fleet-partner-service
[2026-09-30 17:54:06] [532/867] ✓ Created: [Moderate] Build Transactional Outbox Event Producer in fleet-partner-service
[2026-09-30 17:54:11] [533/867] ✓ Created: [Moderate] Implement Redis Cache-Aside Layer with TTL in fleet-partner-service
[2026-09-30 17:54:16] [534/867] ✓ Created: [Moderate] Implement gRPC Server BindableService Implementation in fleet-partner-service
[2026-09-30 17:54:20] [535/867] ✓ Created: [Moderate] Build Kafka Dead Letter Queue (DLQ) & Retry Policy in fleet-partner-service
[2026-09-30 17:54:25] [536/867] ✓ Created: [Moderate] Implement Optimistic Locking with @Version in fleet-partner-service
[2026-09-30 17:54:29] [537/867] ✓ Created: [Moderate] Implement Distributed Idempotency Key Validator in fleet-partner-service
[2026-09-30 17:54:34] [538/867] ✓ Created: [Advanced] Implement Reactive Scatter-Gather Query Aggregation in fleet-partner-service
[2026-09-30 17:54:39] [539/867] ✓ Created: [Advanced] Configure Resilience4j Sliding Window Circuit Breaker in fleet-partner-service
[2026-09-30 17:54:45] [540/867] ✓ Created: [Advanced] Enforce Compile-Time DOMA Architectural Rules via ArchUnit in fleet-partner-service
[2026-09-30 17:54:50] [541/867] ✓ Created: [Advanced] Implement Uber H3 Hexagonal Spatial Queries in fleet-partner-service
[2026-09-30 17:54:54] [542/867] ✓ Created: [Advanced] Implement Micrometer Custom Performance Metrics & Timers in fleet-partner-service
[2026-09-30 17:54:59] [543/867] ✓ Created: [Advanced] Implement W3C Distributed Tracing Context Propagation in fleet-partner-service
[2026-09-30 17:55:04] [544/867] ✓ Created: [Staff Architect] Implement Contraction Hierarchy Bidirectional Search in fleet-partner-service
[2026-09-30 17:55:08] [545/867] ✓ Created: [Staff Architect] Implement Chaos Fault Injection and Recovery Validation in fleet-partner-service
[2026-09-30 17:55:14] [546/867] ✓ Created: [Beginner] Implement Input Validation & DTO Constraints in driver-quest-incentives-service
[2026-09-30 17:55:19] [547/867] ✓ Created: [Beginner] Configure Spring Boot Actuator Health Indicators in driver-quest-incentives-service
[2026-09-30 17:55:24] [548/867] ✓ Created: [Beginner] Implement SLF4J Structured Logging & Context Propagation in driver-quest-incentives-service
[2026-09-30 17:55:28] [549/867] ✓ Created: [Beginner] Write Unit Tests with Mockito for Service Layer in driver-quest-incentives-service
[2026-09-30 17:55:33] [550/867] ✓ Created: [Beginner] Document Protocol Buffer IDL Fields in driver-quest-incentives-service
[2026-09-30 17:55:38] [551/867] ✓ Created: [Beginner] Implement Global Exception Translator for gRPC in driver-quest-incentives-service
[2026-09-30 17:55:43] [552/867] ✓ Created: [Moderate] Implement JPA Repositories & Liquibase Changelog in driver-quest-incentives-service
[2026-09-30 17:55:48] [553/867] ✓ Created: [Moderate] Build Transactional Outbox Event Producer in driver-quest-incentives-service
[2026-09-30 17:55:53] [554/867] ✓ Created: [Moderate] Implement Redis Cache-Aside Layer with TTL in driver-quest-incentives-service
[2026-09-30 17:55:59] [555/867] ✓ Created: [Moderate] Implement gRPC Server BindableService Implementation in driver-quest-incentives-service
[2026-09-30 17:56:04] [556/867] ✓ Created: [Moderate] Build Kafka Dead Letter Queue (DLQ) & Retry Policy in driver-quest-incentives-service
[2026-09-30 17:56:09] [557/867] ✓ Created: [Moderate] Implement Optimistic Locking with @Version in driver-quest-incentives-service
[2026-09-30 17:56:13] [558/867] ✓ Created: [Moderate] Implement Distributed Idempotency Key Validator in driver-quest-incentives-service
[2026-09-30 17:56:18] [559/867] ✓ Created: [Advanced] Implement Reactive Scatter-Gather Query Aggregation in driver-quest-incentives-service
[2026-09-30 17:56:22] [560/867] ✓ Created: [Advanced] Configure Resilience4j Sliding Window Circuit Breaker in driver-quest-incentives-service
[2026-09-30 17:56:27] [561/867] ✓ Created: [Advanced] Enforce Compile-Time DOMA Architectural Rules via ArchUnit in driver-quest-incentives-service
[2026-09-30 17:56:32] [562/867] ✓ Created: [Advanced] Implement Uber H3 Hexagonal Spatial Queries in driver-quest-incentives-service
[2026-09-30 17:56:36] [563/867] ✓ Created: [Advanced] Implement Micrometer Custom Performance Metrics & Timers in driver-quest-incentives-service
[2026-09-30 17:56:41] [564/867] ✓ Created: [Advanced] Implement W3C Distributed Tracing Context Propagation in driver-quest-incentives-service
[2026-09-30 17:56:46] [565/867] ✓ Created: [Staff Architect] Implement Contraction Hierarchy Bidirectional Search in driver-quest-incentives-service
[2026-09-30 17:56:51] [566/867] ✓ Created: [Staff Architect] Implement Chaos Fault Injection and Recovery Validation in driver-quest-incentives-service
[2026-09-30 17:56:56] [567/867] ✓ Created: [Beginner] Implement Input Validation & DTO Constraints in driver-earnings-analytics-service
[2026-09-30 17:57:00] [568/867] ✓ Created: [Beginner] Configure Spring Boot Actuator Health Indicators in driver-earnings-analytics-service
[2026-09-30 17:57:05] [569/867] ✓ Created: [Beginner] Implement SLF4J Structured Logging & Context Propagation in driver-earnings-analytics-service
[2026-09-30 17:57:10] [570/867] ✓ Created: [Beginner] Write Unit Tests with Mockito for Service Layer in driver-earnings-analytics-service
[2026-09-30 17:57:15] [571/867] ✓ Created: [Beginner] Document Protocol Buffer IDL Fields in driver-earnings-analytics-service
[2026-09-30 17:57:19] [572/867] ✓ Created: [Beginner] Implement Global Exception Translator for gRPC in driver-earnings-analytics-service
[2026-09-30 17:57:24] [573/867] ✓ Created: [Moderate] Implement JPA Repositories & Liquibase Changelog in driver-earnings-analytics-service
[2026-09-30 17:57:28] [574/867] ✓ Created: [Moderate] Build Transactional Outbox Event Producer in driver-earnings-analytics-service
[2026-09-30 17:57:33] [575/867] ✓ Created: [Moderate] Implement Redis Cache-Aside Layer with TTL in driver-earnings-analytics-service
[2026-09-30 17:57:37] [576/867] ✓ Created: [Moderate] Implement gRPC Server BindableService Implementation in driver-earnings-analytics-service
[2026-09-30 17:57:42] [577/867] ✓ Created: [Moderate] Build Kafka Dead Letter Queue (DLQ) & Retry Policy in driver-earnings-analytics-service
[2026-09-30 17:57:46] [578/867] ✓ Created: [Moderate] Implement Optimistic Locking with @Version in driver-earnings-analytics-service
[2026-09-30 17:57:51] [579/867] ✓ Created: [Moderate] Implement Distributed Idempotency Key Validator in driver-earnings-analytics-service
[2026-09-30 17:57:56] [580/867] ✓ Created: [Advanced] Implement Reactive Scatter-Gather Query Aggregation in driver-earnings-analytics-service
[2026-09-30 17:58:01] [581/867] ✓ Created: [Advanced] Configure Resilience4j Sliding Window Circuit Breaker in driver-earnings-analytics-service
[2026-09-30 17:58:05] [582/867] ✓ Created: [Advanced] Enforce Compile-Time DOMA Architectural Rules via ArchUnit in driver-earnings-analytics-service
[2026-09-30 17:58:10] [583/867] ✓ Created: [Advanced] Implement Uber H3 Hexagonal Spatial Queries in driver-earnings-analytics-service
[2026-09-30 17:58:14] [584/867] ✓ Created: [Advanced] Implement Micrometer Custom Performance Metrics & Timers in driver-earnings-analytics-service
[2026-09-30 17:58:19] [585/867] ✓ Created: [Advanced] Implement W3C Distributed Tracing Context Propagation in driver-earnings-analytics-service
[2026-09-30 17:58:23] [586/867] ✓ Created: [Staff Architect] Implement Contraction Hierarchy Bidirectional Search in driver-earnings-analytics-service
[2026-09-30 17:58:28] [587/867] ✓ Created: [Staff Architect] Implement Chaos Fault Injection and Recovery Validation in driver-earnings-analytics-service
[2026-09-30 17:58:32] [588/867] ✓ Created: [Beginner] Implement Input Validation & DTO Constraints in rider-profile-service
[2026-09-30 17:58:37] [589/867] ✓ Created: [Beginner] Configure Spring Boot Actuator Health Indicators in rider-profile-service
[2026-09-30 17:58:41] [590/867] ✓ Created: [Beginner] Implement SLF4J Structured Logging & Context Propagation in rider-profile-service
[2026-09-30 17:58:46] [591/867] ✓ Created: [Beginner] Write Unit Tests with Mockito for Service Layer in rider-profile-service
[2026-09-30 17:58:51] [592/867] ✓ Created: [Beginner] Document Protocol Buffer IDL Fields in rider-profile-service
[2026-09-30 17:58:55] [593/867] ✓ Created: [Beginner] Implement Global Exception Translator for gRPC in rider-profile-service
[2026-09-30 17:59:00] [594/867] ✓ Created: [Moderate] Implement JPA Repositories & Liquibase Changelog in rider-profile-service
[2026-09-30 17:59:04] [595/867] ✓ Created: [Moderate] Build Transactional Outbox Event Producer in rider-profile-service
[2026-09-30 17:59:09] [596/867] ✓ Created: [Moderate] Implement Redis Cache-Aside Layer with TTL in rider-profile-service
[2026-09-30 17:59:14] [597/867] ✓ Created: [Moderate] Implement gRPC Server BindableService Implementation in rider-profile-service
[2026-09-30 17:59:18] [598/867] ✓ Created: [Moderate] Build Kafka Dead Letter Queue (DLQ) & Retry Policy in rider-profile-service
[2026-09-30 17:59:23] [599/867] ✓ Created: [Moderate] Implement Optimistic Locking with @Version in rider-profile-service
[2026-09-30 17:59:28] [600/867] ✓ Created: [Moderate] Implement Distributed Idempotency Key Validator in rider-profile-service
[2026-09-30 17:59:33] [601/867] ✓ Created: [Advanced] Implement Reactive Scatter-Gather Query Aggregation in rider-profile-service
[2026-09-30 17:59:37] [602/867] ✓ Created: [Advanced] Configure Resilience4j Sliding Window Circuit Breaker in rider-profile-service
[2026-09-30 17:59:42] [603/867] ✓ Created: [Advanced] Enforce Compile-Time DOMA Architectural Rules via ArchUnit in rider-profile-service
[2026-09-30 17:59:47] [604/867] ✓ Created: [Advanced] Implement Uber H3 Hexagonal Spatial Queries in rider-profile-service
[2026-09-30 17:59:51] [605/867] ✓ Created: [Advanced] Implement Micrometer Custom Performance Metrics & Timers in rider-profile-service
[2026-09-30 17:59:56] [606/867] ✓ Created: [Advanced] Implement W3C Distributed Tracing Context Propagation in rider-profile-service
[2026-09-30 18:00:01] [607/867] ✓ Created: [Staff Architect] Implement Contraction Hierarchy Bidirectional Search in rider-profile-service
[2026-09-30 18:00:05] [608/867] ✓ Created: [Staff Architect] Implement Chaos Fault Injection and Recovery Validation in rider-profile-service
[2026-09-30 18:00:10] [609/867] ✓ Created: [Beginner] Implement Input Validation & DTO Constraints in auth-security-service
[2026-09-30 18:00:15] [610/867] ✓ Created: [Beginner] Configure Spring Boot Actuator Health Indicators in auth-security-service
[2026-09-30 18:00:20] [611/867] ✓ Created: [Beginner] Implement SLF4J Structured Logging & Context Propagation in auth-security-service
[2026-09-30 18:00:25] [612/867] ✓ Created: [Beginner] Write Unit Tests with Mockito for Service Layer in auth-security-service
[2026-09-30 18:00:29] [613/867] ✓ Created: [Beginner] Document Protocol Buffer IDL Fields in auth-security-service
[2026-09-30 18:00:34] [614/867] ✓ Created: [Beginner] Implement Global Exception Translator for gRPC in auth-security-service
[2026-09-30 18:00:39] [615/867] ✓ Created: [Moderate] Implement JPA Repositories & Liquibase Changelog in auth-security-service
[2026-09-30 18:00:44] [616/867] ✓ Created: [Moderate] Build Transactional Outbox Event Producer in auth-security-service
[2026-09-30 18:00:49] [617/867] ✓ Created: [Moderate] Implement Redis Cache-Aside Layer with TTL in auth-security-service
[2026-09-30 18:00:54] [618/867] ✓ Created: [Moderate] Implement gRPC Server BindableService Implementation in auth-security-service
[2026-09-30 18:00:58] [619/867] ✓ Created: [Moderate] Build Kafka Dead Letter Queue (DLQ) & Retry Policy in auth-security-service
[2026-09-30 18:01:03] [620/867] ✓ Created: [Moderate] Implement Optimistic Locking with @Version in auth-security-service
[2026-09-30 18:01:08] [621/867] ✓ Created: [Moderate] Implement Distributed Idempotency Key Validator in auth-security-service
[2026-09-30 18:01:12] [622/867] ✓ Created: [Advanced] Implement Reactive Scatter-Gather Query Aggregation in auth-security-service
[2026-09-30 18:01:17] [623/867] ✓ Created: [Advanced] Configure Resilience4j Sliding Window Circuit Breaker in auth-security-service
[2026-09-30 18:01:22] [624/867] ✓ Created: [Advanced] Enforce Compile-Time DOMA Architectural Rules via ArchUnit in auth-security-service
[2026-09-30 18:01:27] [625/867] ✓ Created: [Advanced] Implement Uber H3 Hexagonal Spatial Queries in auth-security-service
[2026-09-30 18:01:32] [626/867] ✓ Created: [Advanced] Implement Micrometer Custom Performance Metrics & Timers in auth-security-service
[2026-09-30 18:01:36] [627/867] ✓ Created: [Advanced] Implement W3C Distributed Tracing Context Propagation in auth-security-service
[2026-09-30 18:01:41] [628/867] ✓ Created: [Staff Architect] Implement Contraction Hierarchy Bidirectional Search in auth-security-service
[2026-09-30 18:01:46] [629/867] ✓ Created: [Staff Architect] Implement Chaos Fault Injection and Recovery Validation in auth-security-service
[2026-09-30 18:01:51] [630/867] ✓ Created: [Beginner] Implement Input Validation & DTO Constraints in mutual-rating-service
[2026-09-30 18:01:56] [631/867] ✓ Created: [Beginner] Configure Spring Boot Actuator Health Indicators in mutual-rating-service
[2026-09-30 18:02:01] [632/867] ✓ Created: [Beginner] Implement SLF4J Structured Logging & Context Propagation in mutual-rating-service
[2026-09-30 18:02:05] [633/867] ✓ Created: [Beginner] Write Unit Tests with Mockito for Service Layer in mutual-rating-service
[2026-09-30 18:02:10] [634/867] ✓ Created: [Beginner] Document Protocol Buffer IDL Fields in mutual-rating-service
[2026-09-30 18:02:15] [635/867] ✓ Created: [Beginner] Implement Global Exception Translator for gRPC in mutual-rating-service
[2026-09-30 18:02:20] [636/867] ✓ Created: [Moderate] Implement JPA Repositories & Liquibase Changelog in mutual-rating-service
[2026-09-30 18:02:24] [637/867] ✓ Created: [Moderate] Build Transactional Outbox Event Producer in mutual-rating-service
[2026-09-30 18:02:29] [638/867] ✓ Created: [Moderate] Implement Redis Cache-Aside Layer with TTL in mutual-rating-service
[2026-09-30 18:02:34] [639/867] ✓ Created: [Moderate] Implement gRPC Server BindableService Implementation in mutual-rating-service
[2026-09-30 18:02:39] [640/867] ✓ Created: [Moderate] Build Kafka Dead Letter Queue (DLQ) & Retry Policy in mutual-rating-service
[2026-09-30 18:02:43] [641/867] ✓ Created: [Moderate] Implement Optimistic Locking with @Version in mutual-rating-service
[2026-09-30 18:02:50] [642/867] ✓ Created: [Moderate] Implement Distributed Idempotency Key Validator in mutual-rating-service
[2026-09-30 18:02:55] [643/867] ✓ Created: [Advanced] Implement Reactive Scatter-Gather Query Aggregation in mutual-rating-service
[2026-09-30 18:02:59] [644/867] ✓ Created: [Advanced] Configure Resilience4j Sliding Window Circuit Breaker in mutual-rating-service
[2026-09-30 18:03:04] [645/867] ✓ Created: [Advanced] Enforce Compile-Time DOMA Architectural Rules via ArchUnit in mutual-rating-service
[2026-09-30 18:03:09] [646/867] ✓ Created: [Advanced] Implement Uber H3 Hexagonal Spatial Queries in mutual-rating-service
[2026-09-30 18:03:14] [647/867] ✓ Created: [Advanced] Implement Micrometer Custom Performance Metrics & Timers in mutual-rating-service
[2026-09-30 18:03:19] [648/867] ✓ Created: [Advanced] Implement W3C Distributed Tracing Context Propagation in mutual-rating-service
[2026-09-30 18:03:24] [649/867] ✓ Created: [Staff Architect] Implement Contraction Hierarchy Bidirectional Search in mutual-rating-service
[2026-09-30 18:03:29] [650/867] ✓ Created: [Staff Architect] Implement Chaos Fault Injection and Recovery Validation in mutual-rating-service
[2026-09-30 18:03:34] [651/867] ✓ Created: [Beginner] Implement Input Validation & DTO Constraints in uber-one-membership-service
[2026-09-30 18:03:39] [652/867] ✓ Created: [Beginner] Configure Spring Boot Actuator Health Indicators in uber-one-membership-service
[2026-09-30 18:03:43] [653/867] ✓ Created: [Beginner] Implement SLF4J Structured Logging & Context Propagation in uber-one-membership-service
[2026-09-30 18:03:48] [654/867] ✓ Created: [Beginner] Write Unit Tests with Mockito for Service Layer in uber-one-membership-service
[2026-09-30 18:03:53] [655/867] ✓ Created: [Beginner] Document Protocol Buffer IDL Fields in uber-one-membership-service
[2026-09-30 18:03:57] [656/867] ✓ Created: [Beginner] Implement Global Exception Translator for gRPC in uber-one-membership-service
[2026-09-30 18:09:11] ✗ Error creating issue '[Moderate] Implement JPA Repositories & Liquibase Changelog in uber-one-membership-service': Post "https://api.github.com/graphql": read tcp 10.20.5.189:65113->20.205.243.168:443: read: connection reset by peer
[2026-09-30 18:09:13] [657/867] ✓ Created: [Moderate] Build Transactional Outbox Event Producer in uber-one-membership-service
[2026-09-30 18:09:17] [658/867] ✓ Created: [Moderate] Implement Redis Cache-Aside Layer with TTL in uber-one-membership-service
[2026-09-30 18:09:22] [659/867] ✓ Created: [Moderate] Implement gRPC Server BindableService Implementation in uber-one-membership-service
[2026-09-30 18:09:26] [660/867] ✓ Created: [Moderate] Build Kafka Dead Letter Queue (DLQ) & Retry Policy in uber-one-membership-service
[2026-09-30 18:09:31] [661/867] ✓ Created: [Moderate] Implement Optimistic Locking with @Version in uber-one-membership-service
[2026-09-30 18:09:35] [662/867] ✓ Created: [Moderate] Implement Distributed Idempotency Key Validator in uber-one-membership-service
[2026-09-30 18:09:40] [663/867] ✓ Created: [Advanced] Implement Reactive Scatter-Gather Query Aggregation in uber-one-membership-service
[2026-09-30 18:09:44] [664/867] ✓ Created: [Advanced] Configure Resilience4j Sliding Window Circuit Breaker in uber-one-membership-service
[2026-09-30 18:09:49] [665/867] ✓ Created: [Advanced] Enforce Compile-Time DOMA Architectural Rules via ArchUnit in uber-one-membership-service
[2026-09-30 18:09:54] [666/867] ✓ Created: [Advanced] Implement Uber H3 Hexagonal Spatial Queries in uber-one-membership-service
[2026-09-30 18:09:59] [667/867] ✓ Created: [Advanced] Implement Micrometer Custom Performance Metrics & Timers in uber-one-membership-service
[2026-09-30 18:10:03] [668/867] ✓ Created: [Advanced] Implement W3C Distributed Tracing Context Propagation in uber-one-membership-service
[2026-09-30 18:10:08] [669/867] ✓ Created: [Staff Architect] Implement Contraction Hierarchy Bidirectional Search in uber-one-membership-service
[2026-09-30 18:10:12] [670/867] ✓ Created: [Staff Architect] Implement Chaos Fault Injection and Recovery Validation in uber-one-membership-service
[2026-09-30 18:10:17] [671/867] ✓ Created: [Beginner] Implement Input Validation & DTO Constraints in fraud-gps-spoofing-service
[2026-09-30 18:10:23] [672/867] ✓ Created: [Beginner] Configure Spring Boot Actuator Health Indicators in fraud-gps-spoofing-service
[2026-09-30 18:10:28] [673/867] ✓ Created: [Beginner] Implement SLF4J Structured Logging & Context Propagation in fraud-gps-spoofing-service
[2026-09-30 18:10:33] [674/867] ✓ Created: [Beginner] Write Unit Tests with Mockito for Service Layer in fraud-gps-spoofing-service
[2026-09-30 18:10:37] [675/867] ✓ Created: [Beginner] Document Protocol Buffer IDL Fields in fraud-gps-spoofing-service
[2026-09-30 18:10:42] [676/867] ✓ Created: [Beginner] Implement Global Exception Translator for gRPC in fraud-gps-spoofing-service
[2026-09-30 18:10:47] [677/867] ✓ Created: [Moderate] Implement JPA Repositories & Liquibase Changelog in fraud-gps-spoofing-service
[2026-09-30 18:10:52] [678/867] ✓ Created: [Moderate] Build Transactional Outbox Event Producer in fraud-gps-spoofing-service
[2026-09-30 18:10:56] [679/867] ✓ Created: [Moderate] Implement Redis Cache-Aside Layer with TTL in fraud-gps-spoofing-service
[2026-09-30 18:11:01] [680/867] ✓ Created: [Moderate] Implement gRPC Server BindableService Implementation in fraud-gps-spoofing-service
[2026-09-30 18:11:06] [681/867] ✓ Created: [Moderate] Build Kafka Dead Letter Queue (DLQ) & Retry Policy in fraud-gps-spoofing-service
[2026-09-30 18:11:10] [682/867] ✓ Created: [Moderate] Implement Optimistic Locking with @Version in fraud-gps-spoofing-service
[2026-09-30 18:11:15] [683/867] ✓ Created: [Moderate] Implement Distributed Idempotency Key Validator in fraud-gps-spoofing-service
[2026-09-30 18:11:20] [684/867] ✓ Created: [Advanced] Implement Reactive Scatter-Gather Query Aggregation in fraud-gps-spoofing-service
[2026-09-30 18:11:25] [685/867] ✓ Created: [Advanced] Configure Resilience4j Sliding Window Circuit Breaker in fraud-gps-spoofing-service
[2026-09-30 18:11:30] [686/867] ✓ Created: [Advanced] Enforce Compile-Time DOMA Architectural Rules via ArchUnit in fraud-gps-spoofing-service
[2026-09-30 18:11:34] [687/867] ✓ Created: [Advanced] Implement Uber H3 Hexagonal Spatial Queries in fraud-gps-spoofing-service
[2026-09-30 18:11:38] [688/867] ✓ Created: [Advanced] Implement Micrometer Custom Performance Metrics & Timers in fraud-gps-spoofing-service
[2026-09-30 18:11:43] [689/867] ✓ Created: [Advanced] Implement W3C Distributed Tracing Context Propagation in fraud-gps-spoofing-service
[2026-09-30 18:11:47] [690/867] ✓ Created: [Staff Architect] Implement Contraction Hierarchy Bidirectional Search in fraud-gps-spoofing-service
[2026-09-30 18:11:52] [691/867] ✓ Created: [Staff Architect] Implement Chaos Fault Injection and Recovery Validation in fraud-gps-spoofing-service
[2026-09-30 18:11:57] [692/867] ✓ Created: [Beginner] Implement Input Validation & DTO Constraints in omnichannel-notifications-service
[2026-09-30 18:12:01] [693/867] ✓ Created: [Beginner] Configure Spring Boot Actuator Health Indicators in omnichannel-notifications-service
[2026-09-30 18:12:06] [694/867] ✓ Created: [Beginner] Implement SLF4J Structured Logging & Context Propagation in omnichannel-notifications-service
[2026-09-30 18:12:11] [695/867] ✓ Created: [Beginner] Write Unit Tests with Mockito for Service Layer in omnichannel-notifications-service
[2026-09-30 18:12:16] [696/867] ✓ Created: [Beginner] Document Protocol Buffer IDL Fields in omnichannel-notifications-service
[2026-09-30 18:12:21] [697/867] ✓ Created: [Beginner] Implement Global Exception Translator for gRPC in omnichannel-notifications-service
[2026-09-30 18:12:25] [698/867] ✓ Created: [Moderate] Implement JPA Repositories & Liquibase Changelog in omnichannel-notifications-service
[2026-09-30 18:12:30] [699/867] ✓ Created: [Moderate] Build Transactional Outbox Event Producer in omnichannel-notifications-service
[2026-09-30 18:12:34] [700/867] ✓ Created: [Moderate] Implement Redis Cache-Aside Layer with TTL in omnichannel-notifications-service
[2026-09-30 18:12:39] [701/867] ✓ Created: [Moderate] Implement gRPC Server BindableService Implementation in omnichannel-notifications-service
[2026-09-30 18:12:43] [702/867] ✓ Created: [Moderate] Build Kafka Dead Letter Queue (DLQ) & Retry Policy in omnichannel-notifications-service
[2026-09-30 18:12:49] [703/867] ✓ Created: [Moderate] Implement Optimistic Locking with @Version in omnichannel-notifications-service
[2026-09-30 18:12:53] [704/867] ✓ Created: [Moderate] Implement Distributed Idempotency Key Validator in omnichannel-notifications-service
[2026-09-30 18:12:58] [705/867] ✓ Created: [Advanced] Implement Reactive Scatter-Gather Query Aggregation in omnichannel-notifications-service
[2026-09-30 18:13:02] [706/867] ✓ Created: [Advanced] Configure Resilience4j Sliding Window Circuit Breaker in omnichannel-notifications-service
[2026-09-30 18:13:07] [707/867] ✓ Created: [Advanced] Enforce Compile-Time DOMA Architectural Rules via ArchUnit in omnichannel-notifications-service
[2026-09-30 18:13:13] [708/867] ✓ Created: [Advanced] Implement Uber H3 Hexagonal Spatial Queries in omnichannel-notifications-service
[2026-09-30 18:13:17] [709/867] ✓ Created: [Advanced] Implement Micrometer Custom Performance Metrics & Timers in omnichannel-notifications-service
[2026-09-30 18:13:22] [710/867] ✓ Created: [Advanced] Implement W3C Distributed Tracing Context Propagation in omnichannel-notifications-service
[2026-09-30 18:13:26] [711/867] ✓ Created: [Staff Architect] Implement Contraction Hierarchy Bidirectional Search in omnichannel-notifications-service
[2026-09-30 18:13:31] [712/867] ✓ Created: [Staff Architect] Implement Chaos Fault Injection and Recovery Validation in omnichannel-notifications-service
[2026-09-30 18:13:36] [713/867] ✓ Created: [Beginner] Implement Input Validation & DTO Constraints in telemetry-gps-ingestion-service
[2026-09-30 18:13:40] [714/867] ✓ Created: [Beginner] Configure Spring Boot Actuator Health Indicators in telemetry-gps-ingestion-service
[2026-09-30 18:13:45] [715/867] ✓ Created: [Beginner] Implement SLF4J Structured Logging & Context Propagation in telemetry-gps-ingestion-service
[2026-09-30 18:13:50] [716/867] ✓ Created: [Beginner] Write Unit Tests with Mockito for Service Layer in telemetry-gps-ingestion-service
[2026-09-30 18:13:54] [717/867] ✓ Created: [Beginner] Document Protocol Buffer IDL Fields in telemetry-gps-ingestion-service
[2026-09-30 18:13:59] [718/867] ✓ Created: [Beginner] Implement Global Exception Translator for gRPC in telemetry-gps-ingestion-service
[2026-09-30 18:14:03] [719/867] ✓ Created: [Moderate] Implement JPA Repositories & Liquibase Changelog in telemetry-gps-ingestion-service
[2026-09-30 18:14:09] [720/867] ✓ Created: [Moderate] Build Transactional Outbox Event Producer in telemetry-gps-ingestion-service
[2026-09-30 18:14:14] [721/867] ✓ Created: [Moderate] Implement Redis Cache-Aside Layer with TTL in telemetry-gps-ingestion-service
[2026-09-30 18:14:19] [722/867] ✓ Created: [Moderate] Implement gRPC Server BindableService Implementation in telemetry-gps-ingestion-service
[2026-09-30 18:14:24] [723/867] ✓ Created: [Moderate] Build Kafka Dead Letter Queue (DLQ) & Retry Policy in telemetry-gps-ingestion-service
[2026-09-30 18:14:29] [724/867] ✓ Created: [Moderate] Implement Optimistic Locking with @Version in telemetry-gps-ingestion-service
[2026-09-30 18:14:34] [725/867] ✓ Created: [Moderate] Implement Distributed Idempotency Key Validator in telemetry-gps-ingestion-service
[2026-09-30 18:14:38] [726/867] ✓ Created: [Advanced] Implement Reactive Scatter-Gather Query Aggregation in telemetry-gps-ingestion-service
[2026-09-30 18:14:43] [727/867] ✓ Created: [Advanced] Configure Resilience4j Sliding Window Circuit Breaker in telemetry-gps-ingestion-service
[2026-09-30 18:14:47] [728/867] ✓ Created: [Advanced] Enforce Compile-Time DOMA Architectural Rules via ArchUnit in telemetry-gps-ingestion-service
[2026-09-30 18:14:52] [729/867] ✓ Created: [Advanced] Implement Uber H3 Hexagonal Spatial Queries in telemetry-gps-ingestion-service
[2026-09-30 18:14:57] [730/867] ✓ Created: [Advanced] Implement Micrometer Custom Performance Metrics & Timers in telemetry-gps-ingestion-service
[2026-09-30 18:15:01] [731/867] ✓ Created: [Advanced] Implement W3C Distributed Tracing Context Propagation in telemetry-gps-ingestion-service
[2026-09-30 18:15:06] [732/867] ✓ Created: [Staff Architect] Implement Contraction Hierarchy Bidirectional Search in telemetry-gps-ingestion-service
[2026-09-30 18:15:10] [733/867] ✓ Created: [Staff Architect] Implement Chaos Fault Injection and Recovery Validation in telemetry-gps-ingestion-service
[2026-09-30 18:15:15] [734/867] ✓ Created: [Beginner] Implement Input Validation & DTO Constraints in event-streaming-hub-service
[2026-09-30 18:15:20] [735/867] ✓ Created: [Beginner] Configure Spring Boot Actuator Health Indicators in event-streaming-hub-service
[2026-09-30 18:15:25] [736/867] ✓ Created: [Beginner] Implement SLF4J Structured Logging & Context Propagation in event-streaming-hub-service
[2026-09-30 18:15:30] [737/867] ✓ Created: [Beginner] Write Unit Tests with Mockito for Service Layer in event-streaming-hub-service
[2026-09-30 18:15:34] [738/867] ✓ Created: [Beginner] Document Protocol Buffer IDL Fields in event-streaming-hub-service
[2026-09-30 18:15:39] [739/867] ✓ Created: [Beginner] Implement Global Exception Translator for gRPC in event-streaming-hub-service
[2026-09-30 18:15:44] [740/867] ✓ Created: [Moderate] Implement JPA Repositories & Liquibase Changelog in event-streaming-hub-service
[2026-09-30 18:15:49] [741/867] ✓ Created: [Moderate] Build Transactional Outbox Event Producer in event-streaming-hub-service
[2026-09-30 18:15:53] [742/867] ✓ Created: [Moderate] Implement Redis Cache-Aside Layer with TTL in event-streaming-hub-service
[2026-09-30 18:15:58] [743/867] ✓ Created: [Moderate] Implement gRPC Server BindableService Implementation in event-streaming-hub-service
[2026-09-30 18:16:03] [744/867] ✓ Created: [Moderate] Build Kafka Dead Letter Queue (DLQ) & Retry Policy in event-streaming-hub-service
[2026-09-30 18:16:07] [745/867] ✓ Created: [Moderate] Implement Optimistic Locking with @Version in event-streaming-hub-service
[2026-09-30 18:16:12] [746/867] ✓ Created: [Moderate] Implement Distributed Idempotency Key Validator in event-streaming-hub-service
[2026-09-30 18:16:17] [747/867] ✓ Created: [Advanced] Implement Reactive Scatter-Gather Query Aggregation in event-streaming-hub-service
[2026-09-30 18:16:21] [748/867] ✓ Created: [Advanced] Configure Resilience4j Sliding Window Circuit Breaker in event-streaming-hub-service
[2026-09-30 18:16:26] [749/867] ✓ Created: [Advanced] Enforce Compile-Time DOMA Architectural Rules via ArchUnit in event-streaming-hub-service
[2026-09-30 18:16:31] [750/867] ✓ Created: [Advanced] Implement Uber H3 Hexagonal Spatial Queries in event-streaming-hub-service
[2026-09-30 18:16:36] [751/867] ✓ Created: [Advanced] Implement Micrometer Custom Performance Metrics & Timers in event-streaming-hub-service
[2026-09-30 18:16:40] [752/867] ✓ Created: [Advanced] Implement W3C Distributed Tracing Context Propagation in event-streaming-hub-service
[2026-09-30 18:16:44] [753/867] ✓ Created: [Staff Architect] Implement Contraction Hierarchy Bidirectional Search in event-streaming-hub-service
[2026-09-30 18:16:49] [754/867] ✓ Created: [Staff Architect] Implement Chaos Fault Injection and Recovery Validation in event-streaming-hub-service
[2026-09-30 18:16:53] [755/867] ✓ Created: [Beginner] Implement Input Validation & DTO Constraints in experimentation-flipr-service
[2026-09-30 18:16:57] [756/867] ✓ Created: [Beginner] Configure Spring Boot Actuator Health Indicators in experimentation-flipr-service
[2026-09-30 18:17:04] [757/867] ✓ Created: [Beginner] Implement SLF4J Structured Logging & Context Propagation in experimentation-flipr-service
[2026-09-30 18:17:08] [758/867] ✓ Created: [Beginner] Write Unit Tests with Mockito for Service Layer in experimentation-flipr-service
[2026-09-30 18:17:13] [759/867] ✓ Created: [Beginner] Document Protocol Buffer IDL Fields in experimentation-flipr-service
[2026-09-30 18:17:18] [760/867] ✓ Created: [Beginner] Implement Global Exception Translator for gRPC in experimentation-flipr-service
[2026-09-30 18:17:24] [761/867] ✓ Created: [Moderate] Implement JPA Repositories & Liquibase Changelog in experimentation-flipr-service
[2026-09-30 18:17:29] [762/867] ✓ Created: [Moderate] Build Transactional Outbox Event Producer in experimentation-flipr-service
[2026-09-30 18:17:34] [763/867] ✓ Created: [Moderate] Implement Redis Cache-Aside Layer with TTL in experimentation-flipr-service
[2026-09-30 18:17:39] [764/867] ✓ Created: [Moderate] Implement gRPC Server BindableService Implementation in experimentation-flipr-service
[2026-09-30 18:17:44] [765/867] ✓ Created: [Moderate] Build Kafka Dead Letter Queue (DLQ) & Retry Policy in experimentation-flipr-service
[2026-09-30 18:17:49] [766/867] ✓ Created: [Moderate] Implement Optimistic Locking with @Version in experimentation-flipr-service
[2026-09-30 18:17:54] [767/867] ✓ Created: [Moderate] Implement Distributed Idempotency Key Validator in experimentation-flipr-service
[2026-09-30 18:17:59] [768/867] ✓ Created: [Advanced] Implement Reactive Scatter-Gather Query Aggregation in experimentation-flipr-service
[2026-09-30 18:18:04] [769/867] ✓ Created: [Advanced] Configure Resilience4j Sliding Window Circuit Breaker in experimentation-flipr-service
[2026-09-30 18:18:09] [770/867] ✓ Created: [Advanced] Enforce Compile-Time DOMA Architectural Rules via ArchUnit in experimentation-flipr-service
[2026-09-30 18:18:14] [771/867] ✓ Created: [Advanced] Implement Uber H3 Hexagonal Spatial Queries in experimentation-flipr-service
[2026-09-30 18:18:18] [772/867] ✓ Created: [Advanced] Implement Micrometer Custom Performance Metrics & Timers in experimentation-flipr-service
[2026-09-30 18:18:23] [773/867] ✓ Created: [Advanced] Implement W3C Distributed Tracing Context Propagation in experimentation-flipr-service
[2026-09-30 18:18:28] [774/867] ✓ Created: [Staff Architect] Implement Contraction Hierarchy Bidirectional Search in experimentation-flipr-service
[2026-09-30 18:18:33] [775/867] ✓ Created: [Staff Architect] Implement Chaos Fault Injection and Recovery Validation in experimentation-flipr-service
[2026-09-30 18:18:37] [776/867] ✓ Created: [Beginner] Implement Input Validation & DTO Constraints in audit-compliance-service
[2026-09-30 18:18:42] [777/867] ✓ Created: [Beginner] Configure Spring Boot Actuator Health Indicators in audit-compliance-service
[2026-09-30 18:18:47] [778/867] ✓ Created: [Beginner] Implement SLF4J Structured Logging & Context Propagation in audit-compliance-service
[2026-09-30 18:18:51] [779/867] ✓ Created: [Beginner] Write Unit Tests with Mockito for Service Layer in audit-compliance-service
[2026-09-30 18:18:56] [780/867] ✓ Created: [Beginner] Document Protocol Buffer IDL Fields in audit-compliance-service
[2026-09-30 18:19:01] [781/867] ✓ Created: [Beginner] Implement Global Exception Translator for gRPC in audit-compliance-service
[2026-09-30 18:19:06] [782/867] ✓ Created: [Moderate] Implement JPA Repositories & Liquibase Changelog in audit-compliance-service
[2026-09-30 18:19:11] [783/867] ✓ Created: [Moderate] Build Transactional Outbox Event Producer in audit-compliance-service
[2026-09-30 18:19:16] [784/867] ✓ Created: [Moderate] Implement Redis Cache-Aside Layer with TTL in audit-compliance-service
[2026-09-30 18:19:20] [785/867] ✓ Created: [Moderate] Implement gRPC Server BindableService Implementation in audit-compliance-service
[2026-09-30 18:19:25] [786/867] ✓ Created: [Moderate] Build Kafka Dead Letter Queue (DLQ) & Retry Policy in audit-compliance-service
[2026-09-30 18:19:30] [787/867] ✓ Created: [Moderate] Implement Optimistic Locking with @Version in audit-compliance-service
[2026-09-30 18:19:34] [788/867] ✓ Created: [Moderate] Implement Distributed Idempotency Key Validator in audit-compliance-service
[2026-09-30 18:19:39] [789/867] ✓ Created: [Advanced] Implement Reactive Scatter-Gather Query Aggregation in audit-compliance-service
[2026-09-30 18:19:45] [790/867] ✓ Created: [Advanced] Configure Resilience4j Sliding Window Circuit Breaker in audit-compliance-service
[2026-09-30 18:19:49] [791/867] ✓ Created: [Advanced] Enforce Compile-Time DOMA Architectural Rules via ArchUnit in audit-compliance-service
[2026-09-30 18:19:54] [792/867] ✓ Created: [Advanced] Implement Uber H3 Hexagonal Spatial Queries in audit-compliance-service
[2026-09-30 18:19:58] [793/867] ✓ Created: [Advanced] Implement Micrometer Custom Performance Metrics & Timers in audit-compliance-service
[2026-09-30 18:20:03] [794/867] ✓ Created: [Advanced] Implement W3C Distributed Tracing Context Propagation in audit-compliance-service
[2026-09-30 18:20:08] [795/867] ✓ Created: [Staff Architect] Implement Contraction Hierarchy Bidirectional Search in audit-compliance-service
[2026-09-30 18:20:14] [796/867] ✓ Created: [Staff Architect] Implement Chaos Fault Injection and Recovery Validation in audit-compliance-service
[2026-09-30 18:20:19] [797/867] ✓ Created: [Beginner] Implement Input Validation & DTO Constraints in service-registry-discovery-service
[2026-09-30 18:20:24] [798/867] ✓ Created: [Beginner] Configure Spring Boot Actuator Health Indicators in service-registry-discovery-service
[2026-09-30 18:20:28] [799/867] ✓ Created: [Beginner] Implement SLF4J Structured Logging & Context Propagation in service-registry-discovery-service
[2026-09-30 18:20:33] [800/867] ✓ Created: [Beginner] Write Unit Tests with Mockito for Service Layer in service-registry-discovery-service
[2026-09-30 18:20:39] [801/867] ✓ Created: [Beginner] Document Protocol Buffer IDL Fields in service-registry-discovery-service
[2026-09-30 18:20:44] [802/867] ✓ Created: [Beginner] Implement Global Exception Translator for gRPC in service-registry-discovery-service
[2026-09-30 18:20:49] [803/867] ✓ Created: [Moderate] Implement JPA Repositories & Liquibase Changelog in service-registry-discovery-service
[2026-09-30 18:20:54] [804/867] ✓ Created: [Moderate] Build Transactional Outbox Event Producer in service-registry-discovery-service
[2026-09-30 18:20:59] [805/867] ✓ Created: [Moderate] Implement Redis Cache-Aside Layer with TTL in service-registry-discovery-service
[2026-09-30 18:21:04] [806/867] ✓ Created: [Moderate] Implement gRPC Server BindableService Implementation in service-registry-discovery-service
[2026-09-30 18:21:09] [807/867] ✓ Created: [Moderate] Build Kafka Dead Letter Queue (DLQ) & Retry Policy in service-registry-discovery-service
[2026-09-30 18:26:24] ✗ Error creating issue '[Moderate] Implement Optimistic Locking with @Version in service-registry-discovery-service': error fetching labels: Post "https://api.github.com/graphql": read tcp 10.20.5.189:65361->20.205.243.168:443: read: connection reset by peer
[2026-09-30 18:26:26] [808/867] ✓ Created: [Moderate] Implement Distributed Idempotency Key Validator in service-registry-discovery-service
[2026-09-30 18:26:32] [809/867] ✓ Created: [Advanced] Implement Reactive Scatter-Gather Query Aggregation in service-registry-discovery-service
[2026-09-30 18:26:37] [810/867] ✓ Created: [Advanced] Configure Resilience4j Sliding Window Circuit Breaker in service-registry-discovery-service
[2026-09-30 18:26:42] [811/867] ✓ Created: [Advanced] Enforce Compile-Time DOMA Architectural Rules via ArchUnit in service-registry-discovery-service
[2026-09-30 18:26:47] [812/867] ✓ Created: [Advanced] Implement Uber H3 Hexagonal Spatial Queries in service-registry-discovery-service
[2026-09-30 18:26:52] [813/867] ✓ Created: [Advanced] Implement Micrometer Custom Performance Metrics & Timers in service-registry-discovery-service
[2026-09-30 18:26:57] [814/867] ✓ Created: [Advanced] Implement W3C Distributed Tracing Context Propagation in service-registry-discovery-service
[2026-09-30 18:27:02] [815/867] ✓ Created: [Staff Architect] Implement Contraction Hierarchy Bidirectional Search in service-registry-discovery-service
[2026-09-30 18:27:07] [816/867] ✓ Created: [Staff Architect] Implement Chaos Fault Injection and Recovery Validation in service-registry-discovery-service
[2026-09-30 18:27:12] [817/867] ✓ Created: [Beginner] Implement Input Validation & DTO Constraints in distributed-rate-limiter-service
[2026-09-30 18:27:17] [818/867] ✓ Created: [Beginner] Configure Spring Boot Actuator Health Indicators in distributed-rate-limiter-service
[2026-09-30 18:27:22] [819/867] ✓ Created: [Beginner] Implement SLF4J Structured Logging & Context Propagation in distributed-rate-limiter-service
[2026-09-30 18:27:26] [820/867] ✓ Created: [Beginner] Write Unit Tests with Mockito for Service Layer in distributed-rate-limiter-service
[2026-09-30 18:27:32] [821/867] ✓ Created: [Beginner] Document Protocol Buffer IDL Fields in distributed-rate-limiter-service
[2026-09-30 18:27:37] [822/867] ✓ Created: [Beginner] Implement Global Exception Translator for gRPC in distributed-rate-limiter-service
[2026-09-30 18:27:41] [823/867] ✓ Created: [Moderate] Implement JPA Repositories & Liquibase Changelog in distributed-rate-limiter-service
[2026-09-30 18:27:46] [824/867] ✓ Created: [Moderate] Build Transactional Outbox Event Producer in distributed-rate-limiter-service
[2026-09-30 18:27:51] [825/867] ✓ Created: [Moderate] Implement Redis Cache-Aside Layer with TTL in distributed-rate-limiter-service
[2026-09-30 18:27:55] [826/867] ✓ Created: [Moderate] Implement gRPC Server BindableService Implementation in distributed-rate-limiter-service
[2026-09-30 18:28:00] [827/867] ✓ Created: [Moderate] Build Kafka Dead Letter Queue (DLQ) & Retry Policy in distributed-rate-limiter-service
[2026-09-30 18:28:05] [828/867] ✓ Created: [Moderate] Implement Optimistic Locking with @Version in distributed-rate-limiter-service
[2026-09-30 18:28:10] [829/867] ✓ Created: [Moderate] Implement Distributed Idempotency Key Validator in distributed-rate-limiter-service
[2026-09-30 18:28:14] [830/867] ✓ Created: [Advanced] Implement Reactive Scatter-Gather Query Aggregation in distributed-rate-limiter-service
[2026-09-30 18:28:20] [831/867] ✓ Created: [Advanced] Configure Resilience4j Sliding Window Circuit Breaker in distributed-rate-limiter-service
[2026-09-30 18:28:24] [832/867] ✓ Created: [Advanced] Enforce Compile-Time DOMA Architectural Rules via ArchUnit in distributed-rate-limiter-service
[2026-09-30 18:28:29] [833/867] ✓ Created: [Advanced] Implement Uber H3 Hexagonal Spatial Queries in distributed-rate-limiter-service
[2026-09-30 18:28:35] [834/867] ✓ Created: [Advanced] Implement Micrometer Custom Performance Metrics & Timers in distributed-rate-limiter-service
[2026-09-30 18:28:40] [835/867] ✓ Created: [Advanced] Implement W3C Distributed Tracing Context Propagation in distributed-rate-limiter-service
[2026-09-30 18:28:44] [836/867] ✓ Created: [Staff Architect] Implement Contraction Hierarchy Bidirectional Search in distributed-rate-limiter-service
[2026-09-30 18:28:49] [837/867] ✓ Created: [Staff Architect] Implement Chaos Fault Injection and Recovery Validation in distributed-rate-limiter-service
[2026-09-30 18:28:53] [838/867] ✓ Created: [Beginner] Implement JWT Claims Parsing in edge-gateway
[2026-09-30 18:28:58] [839/867] ✓ Created: [Beginner] Configure Netty Epoll Native Transport in edge-gateway
[2026-09-30 18:29:03] [840/867] ✓ Created: [Moderate] Configure Redis Token Bucket Global Rate Limiting in edge-gateway
[2026-09-30 18:29:08] [841/867] ✓ Created: [Moderate] Implement Dynamic Route Refresh via Spring Cloud Config in edge-gateway
[2026-09-30 18:29:12] [842/867] ✓ Created: [Advanced] Implement Protocol Transcoding from HTTP REST to gRPC in edge-gateway
[2026-09-30 18:29:17] [843/867] ✓ Created: [Beginner] Implement JWT Claims Parsing in mobility-domain-gateway
[2026-09-30 18:29:22] [844/867] ✓ Created: [Beginner] Configure Netty Epoll Native Transport in mobility-domain-gateway
[2026-09-30 18:29:27] [845/867] ✓ Created: [Moderate] Configure Redis Token Bucket Global Rate Limiting in mobility-domain-gateway
[2026-09-30 18:29:32] [846/867] ✓ Created: [Moderate] Implement Dynamic Route Refresh via Spring Cloud Config in mobility-domain-gateway
[2026-09-30 18:29:37] [847/867] ✓ Created: [Advanced] Implement Protocol Transcoding from HTTP REST to gRPC in mobility-domain-gateway
[2026-09-30 18:29:41] [848/867] ✓ Created: [Beginner] Implement JWT Claims Parsing in trip-domain-gateway
[2026-09-30 18:29:46] [849/867] ✓ Created: [Beginner] Configure Netty Epoll Native Transport in trip-domain-gateway
[2026-09-30 18:29:51] [850/867] ✓ Created: [Moderate] Configure Redis Token Bucket Global Rate Limiting in trip-domain-gateway
[2026-09-30 18:29:55] [851/867] ✓ Created: [Moderate] Implement Dynamic Route Refresh via Spring Cloud Config in trip-domain-gateway
[2026-09-30 18:30:00] [852/867] ✓ Created: [Advanced] Implement Protocol Transcoding from HTTP REST to gRPC in trip-domain-gateway
[2026-09-30 18:30:05] [853/867] ✓ Created: [Beginner] Implement JWT Claims Parsing in billing-domain-gateway
[2026-09-30 18:30:10] [854/867] ✓ Created: [Beginner] Configure Netty Epoll Native Transport in billing-domain-gateway
[2026-09-30 18:30:14] [855/867] ✓ Created: [Moderate] Configure Redis Token Bucket Global Rate Limiting in billing-domain-gateway
[2026-09-30 18:30:19] [856/867] ✓ Created: [Moderate] Implement Dynamic Route Refresh via Spring Cloud Config in billing-domain-gateway
[2026-09-30 18:30:24] [857/867] ✓ Created: [Advanced] Implement Protocol Transcoding from HTTP REST to gRPC in billing-domain-gateway
[2026-09-30 18:30:29] [858/867] ✓ Created: [Beginner] Implement JWT Claims Parsing in driver-domain-gateway
[2026-09-30 18:30:34] [859/867] ✓ Created: [Beginner] Configure Netty Epoll Native Transport in driver-domain-gateway
[2026-09-30 18:30:45] [860/867] ✓ Created: [Moderate] Configure Redis Token Bucket Global Rate Limiting in driver-domain-gateway
[2026-09-30 18:30:50] [861/867] ✓ Created: [Moderate] Implement Dynamic Route Refresh via Spring Cloud Config in driver-domain-gateway
[2026-09-30 18:30:55] [862/867] ✓ Created: [Advanced] Implement Protocol Transcoding from HTTP REST to gRPC in driver-domain-gateway
[2026-09-30 18:31:00] [863/867] ✓ Created: [Beginner] Implement JWT Claims Parsing in rider-domain-gateway
[2026-09-30 18:31:05] [864/867] ✓ Created: [Beginner] Configure Netty Epoll Native Transport in rider-domain-gateway
[2026-09-30 18:31:07] 🎉 Completed! Published: 863, Skipped: 1, Total in catalog: 867
[2026-09-30 18:36:10] 🚀 Starting Full 867-Issue Batch Publisher...
[2026-09-30 18:36:10] Fetching all existing issues from GitHub...
[2026-09-30 18:36:17] Found 564 pre-existing issues on GitHub.
[2026-09-30 18:36:17] Catalog ready: 867 comprehensive issues defined.
[2026-09-30 18:36:20] [486/867] ✓ Created [https://github.com/YeamimHossainSajid/uber-doma-architecture/issues/565]: [Beginner] Implement SLF4J Structured Logging & Context Propagation in vehicle-registry-service
[2026-09-30 18:36:24] [487/867] ✓ Created [https://github.com/YeamimHossainSajid/uber-doma-architecture/issues/566]: [Beginner] Write Unit Tests with Mockito for Service Layer in vehicle-registry-service
[2026-09-30 18:36:29] [488/867] ✓ Created [https://github.com/YeamimHossainSajid/uber-doma-architecture/issues/567]: [Beginner] Document Protocol Buffer IDL Fields in vehicle-registry-service
[2026-09-30 18:36:34] [489/867] ✓ Created [https://github.com/YeamimHossainSajid/uber-doma-architecture/issues/568]: [Beginner] Implement Global Exception Translator for gRPC in vehicle-registry-service
[2026-09-30 18:36:39] [490/867] ✓ Created [https://github.com/YeamimHossainSajid/uber-doma-architecture/issues/569]: [Moderate] Implement JPA Repositories & Liquibase Changelog in vehicle-registry-service
[2026-09-30 18:36:44] [491/867] ✓ Created [https://github.com/YeamimHossainSajid/uber-doma-architecture/issues/570]: [Moderate] Build Transactional Outbox Event Producer in vehicle-registry-service
[2026-09-30 18:36:49] [492/867] ✓ Created [https://github.com/YeamimHossainSajid/uber-doma-architecture/issues/571]: [Moderate] Implement Redis Cache-Aside Layer with TTL in vehicle-registry-service
[2026-09-30 18:36:53] [493/867] ✓ Created [https://github.com/YeamimHossainSajid/uber-doma-architecture/issues/572]: [Moderate] Implement gRPC Server BindableService Implementation in vehicle-registry-service
[2026-09-30 18:36:58] [494/867] ✓ Created [https://github.com/YeamimHossainSajid/uber-doma-architecture/issues/573]: [Moderate] Build Kafka Dead Letter Queue (DLQ) & Retry Policy in vehicle-registry-service
[2026-09-30 18:37:03] [495/867] ✓ Created [https://github.com/YeamimHossainSajid/uber-doma-architecture/issues/574]: [Moderate] Implement Optimistic Locking with @Version in vehicle-registry-service
[2026-09-30 18:37:08] [496/867] ✓ Created [https://github.com/YeamimHossainSajid/uber-doma-architecture/issues/575]: [Moderate] Implement Distributed Idempotency Key Validator in vehicle-registry-service
[2026-09-30 18:37:13] [497/867] ✓ Created [https://github.com/YeamimHossainSajid/uber-doma-architecture/issues/576]: [Advanced] Implement Reactive Scatter-Gather Query Aggregation in vehicle-registry-service
[2026-09-30 18:37:18] [498/867] ✓ Created [https://github.com/YeamimHossainSajid/uber-doma-architecture/issues/577]: [Advanced] Configure Resilience4j Sliding Window Circuit Breaker in vehicle-registry-service
[2026-09-30 18:37:22] [499/867] ✓ Created [https://github.com/YeamimHossainSajid/uber-doma-architecture/issues/578]: [Advanced] Enforce Compile-Time DOMA Architectural Rules via ArchUnit in vehicle-registry-service
[2026-09-30 18:37:27] [500/867] ✓ Created [https://github.com/YeamimHossainSajid/uber-doma-architecture/issues/579]: [Advanced] Implement Uber H3 Hexagonal Spatial Queries in vehicle-registry-service
[2026-09-30 18:37:32] [501/867] ✓ Created [https://github.com/YeamimHossainSajid/uber-doma-architecture/issues/580]: [Advanced] Implement Micrometer Custom Performance Metrics & Timers in vehicle-registry-service
[2026-09-30 18:40:30] [502/867] ✓ Created [https://github.com/YeamimHossainSajid/uber-doma-architecture/issues/581]: [Advanced] Implement W3C Distributed Tracing Context Propagation in vehicle-registry-service
[2026-09-30 18:40:35] [503/867] ✓ Created [https://github.com/YeamimHossainSajid/uber-doma-architecture/issues/582]: [Staff Architect] Implement Contraction Hierarchy Bidirectional Search in vehicle-registry-service
[2026-09-30 18:43:50] ⚠️ Network error (Post "https://api.github.com/graphql": read tcp 10.20.5.189:49168->20.205.243.168:443: read: connection reset by peer). Sleeping 10s before retry... (Attempt 1/5)
[2026-09-30 18:44:02] [504/867] ✓ Created [https://github.com/YeamimHossainSajid/uber-doma-architecture/issues/583]: [Staff Architect] Implement Chaos Fault Injection and Recovery Validation in vehicle-registry-service
[2026-09-30 18:44:07] [506/867] ✓ Created [https://github.com/YeamimHossainSajid/uber-doma-architecture/issues/584]: [Beginner] Configure Spring Boot Actuator Health Indicators in driver-compliance-service
[2026-09-30 18:44:12] [507/867] ✓ Created [https://github.com/YeamimHossainSajid/uber-doma-architecture/issues/585]: [Beginner] Implement SLF4J Structured Logging & Context Propagation in driver-compliance-service
[2026-09-30 20:07:51] ⚠️ Network error (error fetching labels: Post "https://api.github.com/graphql": read tcp 10.20.5.189:49303->20.205.243.168:443: read: operation timed out). Sleeping 10s before retry... (Attempt 1/5)
[2026-09-30 20:08:04] [508/867] ✓ Created [https://github.com/YeamimHossainSajid/uber-doma-architecture/issues/586]: [Beginner] Write Unit Tests with Mockito for Service Layer in driver-compliance-service
[2026-09-30 20:08:09] [509/867] ✓ Created [https://github.com/YeamimHossainSajid/uber-doma-architecture/issues/587]: [Beginner] Document Protocol Buffer IDL Fields in driver-compliance-service
[2026-09-30 20:08:14] [510/867] ✓ Created [https://github.com/YeamimHossainSajid/uber-doma-architecture/issues/588]: [Beginner] Implement Global Exception Translator for gRPC in driver-compliance-service
[2026-09-30 20:08:19] [511/867] ✓ Created [https://github.com/YeamimHossainSajid/uber-doma-architecture/issues/589]: [Moderate] Implement JPA Repositories & Liquibase Changelog in driver-compliance-service
[2026-09-30 20:08:26] [512/867] ✓ Created [https://github.com/YeamimHossainSajid/uber-doma-architecture/issues/590]: [Moderate] Build Transactional Outbox Event Producer in driver-compliance-service
[2026-09-30 20:08:31] [513/867] ✓ Created [https://github.com/YeamimHossainSajid/uber-doma-architecture/issues/591]: [Moderate] Implement Redis Cache-Aside Layer with TTL in driver-compliance-service
[2026-09-30 20:08:35] [514/867] ✓ Created [https://github.com/YeamimHossainSajid/uber-doma-architecture/issues/592]: [Moderate] Implement gRPC Server BindableService Implementation in driver-compliance-service
[2026-09-30 20:08:40] [515/867] ✓ Created [https://github.com/YeamimHossainSajid/uber-doma-architecture/issues/593]: [Moderate] Build Kafka Dead Letter Queue (DLQ) & Retry Policy in driver-compliance-service
[2026-09-30 20:08:45] [516/867] ✓ Created [https://github.com/YeamimHossainSajid/uber-doma-architecture/issues/594]: [Moderate] Implement Optimistic Locking with @Version in driver-compliance-service
[2026-09-30 20:08:51] [517/867] ✓ Created [https://github.com/YeamimHossainSajid/uber-doma-architecture/issues/595]: [Moderate] Implement Distributed Idempotency Key Validator in driver-compliance-service
[2026-09-30 20:08:56] [518/867] ✓ Created [https://github.com/YeamimHossainSajid/uber-doma-architecture/issues/596]: [Advanced] Implement Reactive Scatter-Gather Query Aggregation in driver-compliance-service
[2026-09-30 20:09:01] [519/867] ✓ Created [https://github.com/YeamimHossainSajid/uber-doma-architecture/issues/597]: [Advanced] Configure Resilience4j Sliding Window Circuit Breaker in driver-compliance-service
[2026-09-30 20:09:07] [520/867] ✓ Created [https://github.com/YeamimHossainSajid/uber-doma-architecture/issues/598]: [Advanced] Enforce Compile-Time DOMA Architectural Rules via ArchUnit in driver-compliance-service
[2026-09-30 20:09:11] [521/867] ✓ Created [https://github.com/YeamimHossainSajid/uber-doma-architecture/issues/599]: [Advanced] Implement Uber H3 Hexagonal Spatial Queries in driver-compliance-service
[2026-09-30 20:09:16] [522/867] ✓ Created [https://github.com/YeamimHossainSajid/uber-doma-architecture/issues/600]: [Advanced] Implement Micrometer Custom Performance Metrics & Timers in driver-compliance-service
[2026-09-30 20:09:22] [523/867] ✓ Created [https://github.com/YeamimHossainSajid/uber-doma-architecture/issues/601]: [Advanced] Implement W3C Distributed Tracing Context Propagation in driver-compliance-service
[2026-09-30 20:09:27] [524/867] ✓ Created [https://github.com/YeamimHossainSajid/uber-doma-architecture/issues/602]: [Staff Architect] Implement Contraction Hierarchy Bidirectional Search in driver-compliance-service
[2026-09-30 20:09:32] [525/867] ✓ Created [https://github.com/YeamimHossainSajid/uber-doma-architecture/issues/603]: [Staff Architect] Implement Chaos Fault Injection and Recovery Validation in driver-compliance-service
[2026-09-30 20:09:37] [526/867] ✓ Created [https://github.com/YeamimHossainSajid/uber-doma-architecture/issues/604]: [Beginner] Implement Input Validation & DTO Constraints in fleet-partner-service
[2026-09-30 20:09:42] [527/867] ✓ Created [https://github.com/YeamimHossainSajid/uber-doma-architecture/issues/605]: [Beginner] Configure Spring Boot Actuator Health Indicators in fleet-partner-service
[2026-09-30 20:09:47] [528/867] ✓ Created [https://github.com/YeamimHossainSajid/uber-doma-architecture/issues/606]: [Beginner] Implement SLF4J Structured Logging & Context Propagation in fleet-partner-service
[2026-09-30 20:09:52] [529/867] ✓ Created [https://github.com/YeamimHossainSajid/uber-doma-architecture/issues/607]: [Beginner] Write Unit Tests with Mockito for Service Layer in fleet-partner-service
[2026-09-30 20:09:57] [530/867] ✓ Created [https://github.com/YeamimHossainSajid/uber-doma-architecture/issues/608]: [Beginner] Document Protocol Buffer IDL Fields in fleet-partner-service
[2026-09-30 20:10:03] [531/867] ✓ Created [https://github.com/YeamimHossainSajid/uber-doma-architecture/issues/609]: [Beginner] Implement Global Exception Translator for gRPC in fleet-partner-service
[2026-09-30 20:10:07] [532/867] ✓ Created [https://github.com/YeamimHossainSajid/uber-doma-architecture/issues/610]: [Moderate] Implement JPA Repositories & Liquibase Changelog in fleet-partner-service
[2026-09-30 20:10:12] [533/867] ✓ Created [https://github.com/YeamimHossainSajid/uber-doma-architecture/issues/611]: [Moderate] Build Transactional Outbox Event Producer in fleet-partner-service
[2026-09-30 20:10:17] [534/867] ✓ Created [https://github.com/YeamimHossainSajid/uber-doma-architecture/issues/612]: [Moderate] Implement Redis Cache-Aside Layer with TTL in fleet-partner-service
[2026-09-30 20:10:23] [535/867] ✓ Created [https://github.com/YeamimHossainSajid/uber-doma-architecture/issues/613]: [Moderate] Implement gRPC Server BindableService Implementation in fleet-partner-service
[2026-09-30 20:10:27] [536/867] ✓ Created [https://github.com/YeamimHossainSajid/uber-doma-architecture/issues/614]: [Moderate] Build Kafka Dead Letter Queue (DLQ) & Retry Policy in fleet-partner-service
[2026-09-30 20:10:32] [537/867] ✓ Created [https://github.com/YeamimHossainSajid/uber-doma-architecture/issues/615]: [Moderate] Implement Optimistic Locking with @Version in fleet-partner-service
[2026-09-30 20:10:37] [538/867] ✓ Created [https://github.com/YeamimHossainSajid/uber-doma-architecture/issues/616]: [Moderate] Implement Distributed Idempotency Key Validator in fleet-partner-service
[2026-09-30 20:10:42] [539/867] ✓ Created [https://github.com/YeamimHossainSajid/uber-doma-architecture/issues/617]: [Advanced] Implement Reactive Scatter-Gather Query Aggregation in fleet-partner-service
[2026-09-30 20:10:47] [540/867] ✓ Created [https://github.com/YeamimHossainSajid/uber-doma-architecture/issues/618]: [Advanced] Configure Resilience4j Sliding Window Circuit Breaker in fleet-partner-service
[2026-09-30 20:10:52] [541/867] ✓ Created [https://github.com/YeamimHossainSajid/uber-doma-architecture/issues/619]: [Advanced] Enforce Compile-Time DOMA Architectural Rules via ArchUnit in fleet-partner-service
[2026-09-30 20:10:57] [542/867] ✓ Created [https://github.com/YeamimHossainSajid/uber-doma-architecture/issues/620]: [Advanced] Implement Uber H3 Hexagonal Spatial Queries in fleet-partner-service
[2026-09-30 20:11:02] [543/867] ✓ Created [https://github.com/YeamimHossainSajid/uber-doma-architecture/issues/621]: [Advanced] Implement Micrometer Custom Performance Metrics & Timers in fleet-partner-service
[2026-09-30 20:11:07] [544/867] ✓ Created [https://github.com/YeamimHossainSajid/uber-doma-architecture/issues/622]: [Advanced] Implement W3C Distributed Tracing Context Propagation in fleet-partner-service
[2026-09-30 20:11:12] [545/867] ✓ Created [https://github.com/YeamimHossainSajid/uber-doma-architecture/issues/623]: [Staff Architect] Implement Contraction Hierarchy Bidirectional Search in fleet-partner-service
[2026-09-30 20:11:17] [546/867] ✓ Created [https://github.com/YeamimHossainSajid/uber-doma-architecture/issues/624]: [Staff Architect] Implement Chaos Fault Injection and Recovery Validation in fleet-partner-service
[2026-09-30 20:11:22] [547/867] ✓ Created [https://github.com/YeamimHossainSajid/uber-doma-architecture/issues/625]: [Beginner] Implement Input Validation & DTO Constraints in driver-quest-incentives-service
[2026-09-30 20:11:27] [548/867] ✓ Created [https://github.com/YeamimHossainSajid/uber-doma-architecture/issues/626]: [Beginner] Configure Spring Boot Actuator Health Indicators in driver-quest-incentives-service
[2026-09-30 20:11:32] [549/867] ✓ Created [https://github.com/YeamimHossainSajid/uber-doma-architecture/issues/627]: [Beginner] Implement SLF4J Structured Logging & Context Propagation in driver-quest-incentives-service
[2026-09-30 20:11:37] [550/867] ✓ Created [https://github.com/YeamimHossainSajid/uber-doma-architecture/issues/628]: [Beginner] Write Unit Tests with Mockito for Service Layer in driver-quest-incentives-service
[2026-09-30 20:11:41] [551/867] ✓ Created [https://github.com/YeamimHossainSajid/uber-doma-architecture/issues/629]: [Beginner] Document Protocol Buffer IDL Fields in driver-quest-incentives-service
[2026-09-30 20:11:46] [552/867] ✓ Created [https://github.com/YeamimHossainSajid/uber-doma-architecture/issues/630]: [Beginner] Implement Global Exception Translator for gRPC in driver-quest-incentives-service
[2026-09-30 20:11:51] [553/867] ✓ Created [https://github.com/YeamimHossainSajid/uber-doma-architecture/issues/631]: [Moderate] Implement JPA Repositories & Liquibase Changelog in driver-quest-incentives-service
[2026-09-30 20:11:56] [554/867] ✓ Created [https://github.com/YeamimHossainSajid/uber-doma-architecture/issues/632]: [Moderate] Build Transactional Outbox Event Producer in driver-quest-incentives-service
[2026-09-30 20:12:01] [555/867] ✓ Created [https://github.com/YeamimHossainSajid/uber-doma-architecture/issues/633]: [Moderate] Implement Redis Cache-Aside Layer with TTL in driver-quest-incentives-service
[2026-09-30 20:12:07] [556/867] ✓ Created [https://github.com/YeamimHossainSajid/uber-doma-architecture/issues/634]: [Moderate] Implement gRPC Server BindableService Implementation in driver-quest-incentives-service
[2026-09-30 20:12:13] [557/867] ✓ Created [https://github.com/YeamimHossainSajid/uber-doma-architecture/issues/635]: [Moderate] Build Kafka Dead Letter Queue (DLQ) & Retry Policy in driver-quest-incentives-service
[2026-09-30 20:12:17] [558/867] ✓ Created [https://github.com/YeamimHossainSajid/uber-doma-architecture/issues/636]: [Moderate] Implement Optimistic Locking with @Version in driver-quest-incentives-service
[2026-09-30 20:12:23] [559/867] ✓ Created [https://github.com/YeamimHossainSajid/uber-doma-architecture/issues/637]: [Moderate] Implement Distributed Idempotency Key Validator in driver-quest-incentives-service
[2026-09-30 20:12:28] [560/867] ✓ Created [https://github.com/YeamimHossainSajid/uber-doma-architecture/issues/638]: [Advanced] Implement Reactive Scatter-Gather Query Aggregation in driver-quest-incentives-service
[2026-09-30 20:12:33] [561/867] ✓ Created [https://github.com/YeamimHossainSajid/uber-doma-architecture/issues/639]: [Advanced] Configure Resilience4j Sliding Window Circuit Breaker in driver-quest-incentives-service
[2026-09-30 20:12:38] [562/867] ✓ Created [https://github.com/YeamimHossainSajid/uber-doma-architecture/issues/640]: [Advanced] Enforce Compile-Time DOMA Architectural Rules via ArchUnit in driver-quest-incentives-service
[2026-09-30 20:12:42] [563/867] ✓ Created [https://github.com/YeamimHossainSajid/uber-doma-architecture/issues/641]: [Advanced] Implement Uber H3 Hexagonal Spatial Queries in driver-quest-incentives-service
[2026-09-30 20:12:47] [564/867] ✓ Created [https://github.com/YeamimHossainSajid/uber-doma-architecture/issues/642]: [Advanced] Implement Micrometer Custom Performance Metrics & Timers in driver-quest-incentives-service
[2026-09-30 20:12:53] [565/867] ✓ Created [https://github.com/YeamimHossainSajid/uber-doma-architecture/issues/643]: [Advanced] Implement W3C Distributed Tracing Context Propagation in driver-quest-incentives-service
[2026-09-30 20:12:59] [566/867] ✓ Created [https://github.com/YeamimHossainSajid/uber-doma-architecture/issues/644]: [Staff Architect] Implement Contraction Hierarchy Bidirectional Search in driver-quest-incentives-service
[2026-09-30 20:13:04] [567/867] ✓ Created [https://github.com/YeamimHossainSajid/uber-doma-architecture/issues/645]: [Staff Architect] Implement Chaos Fault Injection and Recovery Validation in driver-quest-incentives-service
[2026-09-30 20:13:09] [568/867] ✓ Created [https://github.com/YeamimHossainSajid/uber-doma-architecture/issues/646]: [Beginner] Implement Input Validation & DTO Constraints in driver-earnings-analytics-service
[2026-09-30 20:13:15] [569/867] ✓ Created [https://github.com/YeamimHossainSajid/uber-doma-architecture/issues/647]: [Beginner] Configure Spring Boot Actuator Health Indicators in driver-earnings-analytics-service
[2026-09-30 20:13:20] [570/867] ✓ Created [https://github.com/YeamimHossainSajid/uber-doma-architecture/issues/648]: [Beginner] Implement SLF4J Structured Logging & Context Propagation in driver-earnings-analytics-service
[2026-09-30 20:13:25] [571/867] ✓ Created [https://github.com/YeamimHossainSajid/uber-doma-architecture/issues/649]: [Beginner] Write Unit Tests with Mockito for Service Layer in driver-earnings-analytics-service
[2026-09-30 20:13:30] [572/867] ✓ Created [https://github.com/YeamimHossainSajid/uber-doma-architecture/issues/650]: [Beginner] Document Protocol Buffer IDL Fields in driver-earnings-analytics-service
[2026-09-30 20:13:36] [573/867] ✓ Created [https://github.com/YeamimHossainSajid/uber-doma-architecture/issues/651]: [Beginner] Implement Global Exception Translator for gRPC in driver-earnings-analytics-service
[2026-09-30 20:13:41] [574/867] ✓ Created [https://github.com/YeamimHossainSajid/uber-doma-architecture/issues/652]: [Moderate] Implement JPA Repositories & Liquibase Changelog in driver-earnings-analytics-service
[2026-09-30 20:13:47] [575/867] ✓ Created [https://github.com/YeamimHossainSajid/uber-doma-architecture/issues/653]: [Moderate] Build Transactional Outbox Event Producer in driver-earnings-analytics-service
[2026-09-30 20:13:51] [576/867] ✓ Created [https://github.com/YeamimHossainSajid/uber-doma-architecture/issues/654]: [Moderate] Implement Redis Cache-Aside Layer with TTL in driver-earnings-analytics-service
[2026-09-30 20:13:56] [577/867] ✓ Created [https://github.com/YeamimHossainSajid/uber-doma-architecture/issues/655]: [Moderate] Implement gRPC Server BindableService Implementation in driver-earnings-analytics-service
[2026-09-30 20:14:01] [578/867] ✓ Created [https://github.com/YeamimHossainSajid/uber-doma-architecture/issues/656]: [Moderate] Build Kafka Dead Letter Queue (DLQ) & Retry Policy in driver-earnings-analytics-service
[2026-09-30 20:14:06] [579/867] ✓ Created [https://github.com/YeamimHossainSajid/uber-doma-architecture/issues/657]: [Moderate] Implement Optimistic Locking with @Version in driver-earnings-analytics-service
[2026-09-30 20:14:10] [580/867] ✓ Created [https://github.com/YeamimHossainSajid/uber-doma-architecture/issues/658]: [Moderate] Implement Distributed Idempotency Key Validator in driver-earnings-analytics-service
[2026-09-30 20:14:15] [581/867] ✓ Created [https://github.com/YeamimHossainSajid/uber-doma-architecture/issues/659]: [Advanced] Implement Reactive Scatter-Gather Query Aggregation in driver-earnings-analytics-service
[2026-09-30 20:14:20] [582/867] ✓ Created [https://github.com/YeamimHossainSajid/uber-doma-architecture/issues/660]: [Advanced] Configure Resilience4j Sliding Window Circuit Breaker in driver-earnings-analytics-service
[2026-09-30 20:14:25] [583/867] ✓ Created [https://github.com/YeamimHossainSajid/uber-doma-architecture/issues/661]: [Advanced] Enforce Compile-Time DOMA Architectural Rules via ArchUnit in driver-earnings-analytics-service
[2026-09-30 20:14:30] [584/867] ✓ Created [https://github.com/YeamimHossainSajid/uber-doma-architecture/issues/662]: [Advanced] Implement Uber H3 Hexagonal Spatial Queries in driver-earnings-analytics-service
[2026-09-30 20:14:34] [585/867] ✓ Created [https://github.com/YeamimHossainSajid/uber-doma-architecture/issues/663]: [Advanced] Implement Micrometer Custom Performance Metrics & Timers in driver-earnings-analytics-service
[2026-09-30 20:14:39] [586/867] ✓ Created [https://github.com/YeamimHossainSajid/uber-doma-architecture/issues/664]: [Advanced] Implement W3C Distributed Tracing Context Propagation in driver-earnings-analytics-service
[2026-09-30 20:14:44] [587/867] ✓ Created [https://github.com/YeamimHossainSajid/uber-doma-architecture/issues/665]: [Staff Architect] Implement Contraction Hierarchy Bidirectional Search in driver-earnings-analytics-service
[2026-09-30 20:14:49] [588/867] ✓ Created [https://github.com/YeamimHossainSajid/uber-doma-architecture/issues/666]: [Staff Architect] Implement Chaos Fault Injection and Recovery Validation in driver-earnings-analytics-service
[2026-09-30 20:14:54] [589/867] ✓ Created [https://github.com/YeamimHossainSajid/uber-doma-architecture/issues/667]: [Beginner] Implement Input Validation & DTO Constraints in rider-profile-service
[2026-09-30 20:14:59] [590/867] ✓ Created [https://github.com/YeamimHossainSajid/uber-doma-architecture/issues/668]: [Beginner] Configure Spring Boot Actuator Health Indicators in rider-profile-service
[2026-09-30 20:15:04] [591/867] ✓ Created [https://github.com/YeamimHossainSajid/uber-doma-architecture/issues/669]: [Beginner] Implement SLF4J Structured Logging & Context Propagation in rider-profile-service
[2026-09-30 20:15:08] [592/867] ✓ Created [https://github.com/YeamimHossainSajid/uber-doma-architecture/issues/670]: [Beginner] Write Unit Tests with Mockito for Service Layer in rider-profile-service
[2026-09-30 20:15:13] [593/867] ✓ Created [https://github.com/YeamimHossainSajid/uber-doma-architecture/issues/671]: [Beginner] Document Protocol Buffer IDL Fields in rider-profile-service
[2026-09-30 20:15:18] [594/867] ✓ Created [https://github.com/YeamimHossainSajid/uber-doma-architecture/issues/672]: [Beginner] Implement Global Exception Translator for gRPC in rider-profile-service
[2026-09-30 20:15:23] [595/867] ✓ Created [https://github.com/YeamimHossainSajid/uber-doma-architecture/issues/673]: [Moderate] Implement JPA Repositories & Liquibase Changelog in rider-profile-service
[2026-09-30 20:15:28] [596/867] ✓ Created [https://github.com/YeamimHossainSajid/uber-doma-architecture/issues/674]: [Moderate] Build Transactional Outbox Event Producer in rider-profile-service
[2026-09-30 20:15:33] [597/867] ✓ Created [https://github.com/YeamimHossainSajid/uber-doma-architecture/issues/675]: [Moderate] Implement Redis Cache-Aside Layer with TTL in rider-profile-service
[2026-09-30 20:15:38] [598/867] ✓ Created [https://github.com/YeamimHossainSajid/uber-doma-architecture/issues/676]: [Moderate] Implement gRPC Server BindableService Implementation in rider-profile-service
[2026-09-30 20:15:42] [599/867] ✓ Created [https://github.com/YeamimHossainSajid/uber-doma-architecture/issues/677]: [Moderate] Build Kafka Dead Letter Queue (DLQ) & Retry Policy in rider-profile-service
[2026-09-30 20:15:47] [600/867] ✓ Created [https://github.com/YeamimHossainSajid/uber-doma-architecture/issues/678]: [Moderate] Implement Optimistic Locking with @Version in rider-profile-service
[2026-09-30 20:15:52] [601/867] ✓ Created [https://github.com/YeamimHossainSajid/uber-doma-architecture/issues/679]: [Moderate] Implement Distributed Idempotency Key Validator in rider-profile-service
[2026-09-30 20:15:58] [602/867] ✓ Created [https://github.com/YeamimHossainSajid/uber-doma-architecture/issues/680]: [Advanced] Implement Reactive Scatter-Gather Query Aggregation in rider-profile-service
[2026-09-30 20:16:03] [603/867] ✓ Created [https://github.com/YeamimHossainSajid/uber-doma-architecture/issues/681]: [Advanced] Configure Resilience4j Sliding Window Circuit Breaker in rider-profile-service
[2026-09-30 20:16:07] [604/867] ✓ Created [https://github.com/YeamimHossainSajid/uber-doma-architecture/issues/682]: [Advanced] Enforce Compile-Time DOMA Architectural Rules via ArchUnit in rider-profile-service
[2026-09-30 20:16:13] [605/867] ✓ Created [https://github.com/YeamimHossainSajid/uber-doma-architecture/issues/683]: [Advanced] Implement Uber H3 Hexagonal Spatial Queries in rider-profile-service
[2026-09-30 20:16:18] [606/867] ✓ Created [https://github.com/YeamimHossainSajid/uber-doma-architecture/issues/684]: [Advanced] Implement Micrometer Custom Performance Metrics & Timers in rider-profile-service
[2026-09-30 20:16:23] [607/867] ✓ Created [https://github.com/YeamimHossainSajid/uber-doma-architecture/issues/685]: [Advanced] Implement W3C Distributed Tracing Context Propagation in rider-profile-service
[2026-09-30 20:16:28] [608/867] ✓ Created [https://github.com/YeamimHossainSajid/uber-doma-architecture/issues/686]: [Staff Architect] Implement Contraction Hierarchy Bidirectional Search in rider-profile-service
[2026-09-30 20:16:32] [609/867] ✓ Created [https://github.com/YeamimHossainSajid/uber-doma-architecture/issues/687]: [Staff Architect] Implement Chaos Fault Injection and Recovery Validation in rider-profile-service
[2026-09-30 20:16:38] [610/867] ✓ Created [https://github.com/YeamimHossainSajid/uber-doma-architecture/issues/688]: [Beginner] Implement Input Validation & DTO Constraints in auth-security-service
[2026-09-30 20:16:43] [611/867] ✓ Created [https://github.com/YeamimHossainSajid/uber-doma-architecture/issues/689]: [Beginner] Configure Spring Boot Actuator Health Indicators in auth-security-service
[2026-09-30 20:16:48] [612/867] ✓ Created [https://github.com/YeamimHossainSajid/uber-doma-architecture/issues/690]: [Beginner] Implement SLF4J Structured Logging & Context Propagation in auth-security-service
[2026-09-30 20:16:52] [613/867] ✓ Created [https://github.com/YeamimHossainSajid/uber-doma-architecture/issues/691]: [Beginner] Write Unit Tests with Mockito for Service Layer in auth-security-service
[2026-09-30 20:16:58] [614/867] ✓ Created [https://github.com/YeamimHossainSajid/uber-doma-architecture/issues/692]: [Beginner] Document Protocol Buffer IDL Fields in auth-security-service
[2026-09-30 20:17:03] [615/867] ✓ Created [https://github.com/YeamimHossainSajid/uber-doma-architecture/issues/693]: [Beginner] Implement Global Exception Translator for gRPC in auth-security-service
[2026-09-30 20:17:08] [616/867] ✓ Created [https://github.com/YeamimHossainSajid/uber-doma-architecture/issues/694]: [Moderate] Implement JPA Repositories & Liquibase Changelog in auth-security-service
[2026-09-30 20:17:13] [617/867] ✓ Created [https://github.com/YeamimHossainSajid/uber-doma-architecture/issues/695]: [Moderate] Build Transactional Outbox Event Producer in auth-security-service
[2026-09-30 20:17:18] [618/867] ✓ Created [https://github.com/YeamimHossainSajid/uber-doma-architecture/issues/696]: [Moderate] Implement Redis Cache-Aside Layer with TTL in auth-security-service
[2026-09-30 20:17:23] [619/867] ✓ Created [https://github.com/YeamimHossainSajid/uber-doma-architecture/issues/697]: [Moderate] Implement gRPC Server BindableService Implementation in auth-security-service
[2026-09-30 20:17:27] [620/867] ✓ Created [https://github.com/YeamimHossainSajid/uber-doma-architecture/issues/698]: [Moderate] Build Kafka Dead Letter Queue (DLQ) & Retry Policy in auth-security-service
[2026-09-30 20:17:32] [621/867] ✓ Created [https://github.com/YeamimHossainSajid/uber-doma-architecture/issues/699]: [Moderate] Implement Optimistic Locking with @Version in auth-security-service
[2026-09-30 20:17:37] [622/867] ✓ Created [https://github.com/YeamimHossainSajid/uber-doma-architecture/issues/700]: [Moderate] Implement Distributed Idempotency Key Validator in auth-security-service
[2026-09-30 20:17:42] [623/867] ✓ Created [https://github.com/YeamimHossainSajid/uber-doma-architecture/issues/701]: [Advanced] Implement Reactive Scatter-Gather Query Aggregation in auth-security-service
[2026-09-30 20:17:47] [624/867] ✓ Created [https://github.com/YeamimHossainSajid/uber-doma-architecture/issues/702]: [Advanced] Configure Resilience4j Sliding Window Circuit Breaker in auth-security-service
[2026-09-30 20:17:53] [625/867] ✓ Created [https://github.com/YeamimHossainSajid/uber-doma-architecture/issues/703]: [Advanced] Enforce Compile-Time DOMA Architectural Rules via ArchUnit in auth-security-service
[2026-09-30 20:17:58] [626/867] ✓ Created [https://github.com/YeamimHossainSajid/uber-doma-architecture/issues/704]: [Advanced] Implement Uber H3 Hexagonal Spatial Queries in auth-security-service
[2026-09-30 20:18:03] [627/867] ✓ Created [https://github.com/YeamimHossainSajid/uber-doma-architecture/issues/705]: [Advanced] Implement Micrometer Custom Performance Metrics & Timers in auth-security-service
[2026-09-30 20:18:08] [628/867] ✓ Created [https://github.com/YeamimHossainSajid/uber-doma-architecture/issues/706]: [Advanced] Implement W3C Distributed Tracing Context Propagation in auth-security-service
[2026-09-30 20:18:14] [629/867] ✓ Created [https://github.com/YeamimHossainSajid/uber-doma-architecture/issues/707]: [Staff Architect] Implement Contraction Hierarchy Bidirectional Search in auth-security-service
[2026-09-30 20:18:18] [630/867] ✓ Created [https://github.com/YeamimHossainSajid/uber-doma-architecture/issues/708]: [Staff Architect] Implement Chaos Fault Injection and Recovery Validation in auth-security-service
[2026-09-30 20:18:23] [631/867] ✓ Created [https://github.com/YeamimHossainSajid/uber-doma-architecture/issues/709]: [Beginner] Implement Input Validation & DTO Constraints in mutual-rating-service
[2026-09-30 20:18:28] [632/867] ✓ Created [https://github.com/YeamimHossainSajid/uber-doma-architecture/issues/710]: [Beginner] Configure Spring Boot Actuator Health Indicators in mutual-rating-service
[2026-09-30 20:18:33] [633/867] ✓ Created [https://github.com/YeamimHossainSajid/uber-doma-architecture/issues/711]: [Beginner] Implement SLF4J Structured Logging & Context Propagation in mutual-rating-service
[2026-09-30 20:18:38] [634/867] ✓ Created [https://github.com/YeamimHossainSajid/uber-doma-architecture/issues/712]: [Beginner] Write Unit Tests with Mockito for Service Layer in mutual-rating-service
[2026-09-30 20:18:44] [635/867] ✓ Created [https://github.com/YeamimHossainSajid/uber-doma-architecture/issues/713]: [Beginner] Document Protocol Buffer IDL Fields in mutual-rating-service
[2026-09-30 20:18:49] [636/867] ✓ Created [https://github.com/YeamimHossainSajid/uber-doma-architecture/issues/714]: [Beginner] Implement Global Exception Translator for gRPC in mutual-rating-service
[2026-09-30 20:18:54] [637/867] ✓ Created [https://github.com/YeamimHossainSajid/uber-doma-architecture/issues/715]: [Moderate] Implement JPA Repositories & Liquibase Changelog in mutual-rating-service
[2026-09-30 20:18:59] [638/867] ✓ Created [https://github.com/YeamimHossainSajid/uber-doma-architecture/issues/716]: [Moderate] Build Transactional Outbox Event Producer in mutual-rating-service
[2026-09-30 20:19:04] [639/867] ✓ Created [https://github.com/YeamimHossainSajid/uber-doma-architecture/issues/717]: [Moderate] Implement Redis Cache-Aside Layer with TTL in mutual-rating-service
[2026-09-30 20:19:10] [640/867] ✓ Created [https://github.com/YeamimHossainSajid/uber-doma-architecture/issues/718]: [Moderate] Implement gRPC Server BindableService Implementation in mutual-rating-service
[2026-09-30 20:19:14] [641/867] ✓ Created [https://github.com/YeamimHossainSajid/uber-doma-architecture/issues/719]: [Moderate] Build Kafka Dead Letter Queue (DLQ) & Retry Policy in mutual-rating-service
[2026-09-30 20:19:19] [642/867] ✓ Created [https://github.com/YeamimHossainSajid/uber-doma-architecture/issues/720]: [Moderate] Implement Optimistic Locking with @Version in mutual-rating-service
[2026-09-30 20:19:24] [643/867] ✓ Created [https://github.com/YeamimHossainSajid/uber-doma-architecture/issues/721]: [Moderate] Implement Distributed Idempotency Key Validator in mutual-rating-service
[2026-09-30 20:19:28] [644/867] ✓ Created [https://github.com/YeamimHossainSajid/uber-doma-architecture/issues/722]: [Advanced] Implement Reactive Scatter-Gather Query Aggregation in mutual-rating-service
[2026-09-30 20:19:33] [645/867] ✓ Created [https://github.com/YeamimHossainSajid/uber-doma-architecture/issues/723]: [Advanced] Configure Resilience4j Sliding Window Circuit Breaker in mutual-rating-service
[2026-09-30 20:19:39] [646/867] ✓ Created [https://github.com/YeamimHossainSajid/uber-doma-architecture/issues/724]: [Advanced] Enforce Compile-Time DOMA Architectural Rules via ArchUnit in mutual-rating-service
[2026-09-30 20:19:43] [647/867] ✓ Created [https://github.com/YeamimHossainSajid/uber-doma-architecture/issues/725]: [Advanced] Implement Uber H3 Hexagonal Spatial Queries in mutual-rating-service
[2026-09-30 20:19:49] [648/867] ✓ Created [https://github.com/YeamimHossainSajid/uber-doma-architecture/issues/726]: [Advanced] Implement Micrometer Custom Performance Metrics & Timers in mutual-rating-service
[2026-09-30 20:19:53] [649/867] ✓ Created [https://github.com/YeamimHossainSajid/uber-doma-architecture/issues/727]: [Advanced] Implement W3C Distributed Tracing Context Propagation in mutual-rating-service
[2026-09-30 20:19:58] [650/867] ✓ Created [https://github.com/YeamimHossainSajid/uber-doma-architecture/issues/728]: [Staff Architect] Implement Contraction Hierarchy Bidirectional Search in mutual-rating-service
[2026-09-30 20:20:04] [651/867] ✓ Created [https://github.com/YeamimHossainSajid/uber-doma-architecture/issues/729]: [Staff Architect] Implement Chaos Fault Injection and Recovery Validation in mutual-rating-service
[2026-09-30 20:20:08] [652/867] ✓ Created [https://github.com/YeamimHossainSajid/uber-doma-architecture/issues/730]: [Beginner] Implement Input Validation & DTO Constraints in uber-one-membership-service
[2026-09-30 20:20:14] [653/867] ✓ Created [https://github.com/YeamimHossainSajid/uber-doma-architecture/issues/731]: [Beginner] Configure Spring Boot Actuator Health Indicators in uber-one-membership-service
[2026-09-30 20:20:19] [654/867] ✓ Created [https://github.com/YeamimHossainSajid/uber-doma-architecture/issues/732]: [Beginner] Implement SLF4J Structured Logging & Context Propagation in uber-one-membership-service
[2026-09-30 20:20:25] [655/867] ✓ Created [https://github.com/YeamimHossainSajid/uber-doma-architecture/issues/733]: [Beginner] Write Unit Tests with Mockito for Service Layer in uber-one-membership-service
[2026-09-30 20:20:30] [656/867] ✓ Created [https://github.com/YeamimHossainSajid/uber-doma-architecture/issues/734]: [Beginner] Document Protocol Buffer IDL Fields in uber-one-membership-service
[2026-09-30 20:20:35] [657/867] ✓ Created [https://github.com/YeamimHossainSajid/uber-doma-architecture/issues/735]: [Beginner] Implement Global Exception Translator for gRPC in uber-one-membership-service
[2026-09-30 20:20:40] [658/867] ✓ Created [https://github.com/YeamimHossainSajid/uber-doma-architecture/issues/736]: [Moderate] Implement JPA Repositories & Liquibase Changelog in uber-one-membership-service
[2026-09-30 20:20:45] [659/867] ✓ Created [https://github.com/YeamimHossainSajid/uber-doma-architecture/issues/737]: [Moderate] Build Transactional Outbox Event Producer in uber-one-membership-service
[2026-09-30 20:20:51] [660/867] ✓ Created [https://github.com/YeamimHossainSajid/uber-doma-architecture/issues/738]: [Moderate] Implement Redis Cache-Aside Layer with TTL in uber-one-membership-service
[2026-09-30 20:20:56] [661/867] ✓ Created [https://github.com/YeamimHossainSajid/uber-doma-architecture/issues/739]: [Moderate] Implement gRPC Server BindableService Implementation in uber-one-membership-service
[2026-09-30 20:21:01] [662/867] ✓ Created [https://github.com/YeamimHossainSajid/uber-doma-architecture/issues/740]: [Moderate] Build Kafka Dead Letter Queue (DLQ) & Retry Policy in uber-one-membership-service
[2026-09-30 20:21:06] [663/867] ✓ Created [https://github.com/YeamimHossainSajid/uber-doma-architecture/issues/741]: [Moderate] Implement Optimistic Locking with @Version in uber-one-membership-service
[2026-09-30 20:21:10] [664/867] ✓ Created [https://github.com/YeamimHossainSajid/uber-doma-architecture/issues/742]: [Moderate] Implement Distributed Idempotency Key Validator in uber-one-membership-service
[2026-09-30 20:21:16] [665/867] ✓ Created [https://github.com/YeamimHossainSajid/uber-doma-architecture/issues/743]: [Advanced] Implement Reactive Scatter-Gather Query Aggregation in uber-one-membership-service
[2026-09-30 20:21:21] [666/867] ✓ Created [https://github.com/YeamimHossainSajid/uber-doma-architecture/issues/744]: [Advanced] Configure Resilience4j Sliding Window Circuit Breaker in uber-one-membership-service
[2026-09-30 20:21:26] [667/867] ✓ Created [https://github.com/YeamimHossainSajid/uber-doma-architecture/issues/745]: [Advanced] Enforce Compile-Time DOMA Architectural Rules via ArchUnit in uber-one-membership-service
[2026-09-30 20:21:30] [668/867] ✓ Created [https://github.com/YeamimHossainSajid/uber-doma-architecture/issues/746]: [Advanced] Implement Uber H3 Hexagonal Spatial Queries in uber-one-membership-service
[2026-09-30 20:21:35] [669/867] ✓ Created [https://github.com/YeamimHossainSajid/uber-doma-architecture/issues/747]: [Advanced] Implement Micrometer Custom Performance Metrics & Timers in uber-one-membership-service
[2026-09-30 20:21:40] [670/867] ✓ Created [https://github.com/YeamimHossainSajid/uber-doma-architecture/issues/748]: [Advanced] Implement W3C Distributed Tracing Context Propagation in uber-one-membership-service
[2026-09-30 20:21:45] [671/867] ✓ Created [https://github.com/YeamimHossainSajid/uber-doma-architecture/issues/749]: [Staff Architect] Implement Contraction Hierarchy Bidirectional Search in uber-one-membership-service
[2026-09-30 20:21:50] [672/867] ✓ Created [https://github.com/YeamimHossainSajid/uber-doma-architecture/issues/750]: [Staff Architect] Implement Chaos Fault Injection and Recovery Validation in uber-one-membership-service
[2026-09-30 20:21:56] [673/867] ✓ Created [https://github.com/YeamimHossainSajid/uber-doma-architecture/issues/751]: [Beginner] Implement Input Validation & DTO Constraints in fraud-gps-spoofing-service
[2026-09-30 20:22:00] [674/867] ✓ Created [https://github.com/YeamimHossainSajid/uber-doma-architecture/issues/752]: [Beginner] Configure Spring Boot Actuator Health Indicators in fraud-gps-spoofing-service
[2026-09-30 20:22:05] [675/867] ✓ Created [https://github.com/YeamimHossainSajid/uber-doma-architecture/issues/753]: [Beginner] Implement SLF4J Structured Logging & Context Propagation in fraud-gps-spoofing-service
[2026-09-30 20:22:10] [676/867] ✓ Created [https://github.com/YeamimHossainSajid/uber-doma-architecture/issues/754]: [Beginner] Write Unit Tests with Mockito for Service Layer in fraud-gps-spoofing-service
[2026-09-30 20:22:15] [677/867] ✓ Created [https://github.com/YeamimHossainSajid/uber-doma-architecture/issues/755]: [Beginner] Document Protocol Buffer IDL Fields in fraud-gps-spoofing-service
[2026-09-30 20:22:21] [678/867] ✓ Created [https://github.com/YeamimHossainSajid/uber-doma-architecture/issues/756]: [Beginner] Implement Global Exception Translator for gRPC in fraud-gps-spoofing-service
[2026-09-30 20:22:25] [679/867] ✓ Created [https://github.com/YeamimHossainSajid/uber-doma-architecture/issues/757]: [Moderate] Implement JPA Repositories & Liquibase Changelog in fraud-gps-spoofing-service
[2026-09-30 20:22:30] [680/867] ✓ Created [https://github.com/YeamimHossainSajid/uber-doma-architecture/issues/758]: [Moderate] Build Transactional Outbox Event Producer in fraud-gps-spoofing-service
[2026-09-30 20:22:35] [681/867] ✓ Created [https://github.com/YeamimHossainSajid/uber-doma-architecture/issues/759]: [Moderate] Implement Redis Cache-Aside Layer with TTL in fraud-gps-spoofing-service
[2026-09-30 20:22:40] [682/867] ✓ Created [https://github.com/YeamimHossainSajid/uber-doma-architecture/issues/760]: [Moderate] Implement gRPC Server BindableService Implementation in fraud-gps-spoofing-service
[2026-09-30 20:22:44] [683/867] ✓ Created [https://github.com/YeamimHossainSajid/uber-doma-architecture/issues/761]: [Moderate] Build Kafka Dead Letter Queue (DLQ) & Retry Policy in fraud-gps-spoofing-service
[2026-09-30 20:22:49] [684/867] ✓ Created [https://github.com/YeamimHossainSajid/uber-doma-architecture/issues/762]: [Moderate] Implement Optimistic Locking with @Version in fraud-gps-spoofing-service
[2026-09-30 20:22:54] [685/867] ✓ Created [https://github.com/YeamimHossainSajid/uber-doma-architecture/issues/763]: [Moderate] Implement Distributed Idempotency Key Validator in fraud-gps-spoofing-service
[2026-09-30 20:22:59] [686/867] ✓ Created [https://github.com/YeamimHossainSajid/uber-doma-architecture/issues/764]: [Advanced] Implement Reactive Scatter-Gather Query Aggregation in fraud-gps-spoofing-service
[2026-09-30 20:23:04] [687/867] ✓ Created [https://github.com/YeamimHossainSajid/uber-doma-architecture/issues/765]: [Advanced] Configure Resilience4j Sliding Window Circuit Breaker in fraud-gps-spoofing-service
[2026-09-30 20:23:08] [688/867] ✓ Created [https://github.com/YeamimHossainSajid/uber-doma-architecture/issues/766]: [Advanced] Enforce Compile-Time DOMA Architectural Rules via ArchUnit in fraud-gps-spoofing-service
[2026-09-30 20:23:14] [689/867] ✓ Created [https://github.com/YeamimHossainSajid/uber-doma-architecture/issues/767]: [Advanced] Implement Uber H3 Hexagonal Spatial Queries in fraud-gps-spoofing-service
[2026-09-30 20:23:19] [690/867] ✓ Created [https://github.com/YeamimHossainSajid/uber-doma-architecture/issues/768]: [Advanced] Implement Micrometer Custom Performance Metrics & Timers in fraud-gps-spoofing-service
[2026-09-30 20:23:25] [691/867] ✓ Created [https://github.com/YeamimHossainSajid/uber-doma-architecture/issues/769]: [Advanced] Implement W3C Distributed Tracing Context Propagation in fraud-gps-spoofing-service
[2026-09-30 20:23:30] [692/867] ✓ Created [https://github.com/YeamimHossainSajid/uber-doma-architecture/issues/770]: [Staff Architect] Implement Contraction Hierarchy Bidirectional Search in fraud-gps-spoofing-service
[2026-09-30 20:23:35] [693/867] ✓ Created [https://github.com/YeamimHossainSajid/uber-doma-architecture/issues/771]: [Staff Architect] Implement Chaos Fault Injection and Recovery Validation in fraud-gps-spoofing-service
[2026-09-30 20:23:40] [694/867] ✓ Created [https://github.com/YeamimHossainSajid/uber-doma-architecture/issues/772]: [Beginner] Implement Input Validation & DTO Constraints in omnichannel-notifications-service
[2026-09-30 20:23:45] [695/867] ✓ Created [https://github.com/YeamimHossainSajid/uber-doma-architecture/issues/773]: [Beginner] Configure Spring Boot Actuator Health Indicators in omnichannel-notifications-service
[2026-09-30 20:23:50] [696/867] ✓ Created [https://github.com/YeamimHossainSajid/uber-doma-architecture/issues/774]: [Beginner] Implement SLF4J Structured Logging & Context Propagation in omnichannel-notifications-service
[2026-09-30 20:23:55] [697/867] ✓ Created [https://github.com/YeamimHossainSajid/uber-doma-architecture/issues/775]: [Beginner] Write Unit Tests with Mockito for Service Layer in omnichannel-notifications-service
[2026-09-30 20:23:59] [698/867] ✓ Created [https://github.com/YeamimHossainSajid/uber-doma-architecture/issues/776]: [Beginner] Document Protocol Buffer IDL Fields in omnichannel-notifications-service
[2026-09-30 20:24:04] [699/867] ✓ Created [https://github.com/YeamimHossainSajid/uber-doma-architecture/issues/777]: [Beginner] Implement Global Exception Translator for gRPC in omnichannel-notifications-service
[2026-09-30 20:24:09] [700/867] ✓ Created [https://github.com/YeamimHossainSajid/uber-doma-architecture/issues/778]: [Moderate] Implement JPA Repositories & Liquibase Changelog in omnichannel-notifications-service
[2026-09-30 20:24:14] [701/867] ✓ Created [https://github.com/YeamimHossainSajid/uber-doma-architecture/issues/779]: [Moderate] Build Transactional Outbox Event Producer in omnichannel-notifications-service
[2026-09-30 20:24:19] [702/867] ✓ Created [https://github.com/YeamimHossainSajid/uber-doma-architecture/issues/780]: [Moderate] Implement Redis Cache-Aside Layer with TTL in omnichannel-notifications-service
[2026-09-30 20:24:24] [703/867] ✓ Created [https://github.com/YeamimHossainSajid/uber-doma-architecture/issues/781]: [Moderate] Implement gRPC Server BindableService Implementation in omnichannel-notifications-service
[2026-09-30 20:24:30] [704/867] ✓ Created [https://github.com/YeamimHossainSajid/uber-doma-architecture/issues/782]: [Moderate] Build Kafka Dead Letter Queue (DLQ) & Retry Policy in omnichannel-notifications-service
[2026-09-30 20:24:34] [705/867] ✓ Created [https://github.com/YeamimHossainSajid/uber-doma-architecture/issues/783]: [Moderate] Implement Optimistic Locking with @Version in omnichannel-notifications-service
[2026-09-30 20:24:39] [706/867] ✓ Created [https://github.com/YeamimHossainSajid/uber-doma-architecture/issues/784]: [Moderate] Implement Distributed Idempotency Key Validator in omnichannel-notifications-service
[2026-09-30 20:24:44] [707/867] ✓ Created [https://github.com/YeamimHossainSajid/uber-doma-architecture/issues/785]: [Advanced] Implement Reactive Scatter-Gather Query Aggregation in omnichannel-notifications-service
[2026-09-30 20:24:49] [708/867] ✓ Created [https://github.com/YeamimHossainSajid/uber-doma-architecture/issues/786]: [Advanced] Configure Resilience4j Sliding Window Circuit Breaker in omnichannel-notifications-service
[2026-09-30 20:24:53] [709/867] ✓ Created [https://github.com/YeamimHossainSajid/uber-doma-architecture/issues/787]: [Advanced] Enforce Compile-Time DOMA Architectural Rules via ArchUnit in omnichannel-notifications-service
[2026-09-30 20:24:58] [710/867] ✓ Created [https://github.com/YeamimHossainSajid/uber-doma-architecture/issues/788]: [Advanced] Implement Uber H3 Hexagonal Spatial Queries in omnichannel-notifications-service
[2026-09-30 20:25:02] [711/867] ✓ Created [https://github.com/YeamimHossainSajid/uber-doma-architecture/issues/789]: [Advanced] Implement Micrometer Custom Performance Metrics & Timers in omnichannel-notifications-service
[2026-09-30 20:25:07] [712/867] ✓ Created [https://github.com/YeamimHossainSajid/uber-doma-architecture/issues/790]: [Advanced] Implement W3C Distributed Tracing Context Propagation in omnichannel-notifications-service
[2026-09-30 20:25:13] [713/867] ✓ Created [https://github.com/YeamimHossainSajid/uber-doma-architecture/issues/791]: [Staff Architect] Implement Contraction Hierarchy Bidirectional Search in omnichannel-notifications-service
[2026-09-30 20:25:18] [714/867] ✓ Created [https://github.com/YeamimHossainSajid/uber-doma-architecture/issues/792]: [Staff Architect] Implement Chaos Fault Injection and Recovery Validation in omnichannel-notifications-service
[2026-09-30 20:25:23] [715/867] ✓ Created [https://github.com/YeamimHossainSajid/uber-doma-architecture/issues/793]: [Beginner] Implement Input Validation & DTO Constraints in telemetry-gps-ingestion-service
[2026-09-30 20:25:28] [716/867] ✓ Created [https://github.com/YeamimHossainSajid/uber-doma-architecture/issues/794]: [Beginner] Configure Spring Boot Actuator Health Indicators in telemetry-gps-ingestion-service
[2026-09-30 20:25:33] [717/867] ✓ Created [https://github.com/YeamimHossainSajid/uber-doma-architecture/issues/795]: [Beginner] Implement SLF4J Structured Logging & Context Propagation in telemetry-gps-ingestion-service
[2026-09-30 20:25:38] [718/867] ✓ Created [https://github.com/YeamimHossainSajid/uber-doma-architecture/issues/796]: [Beginner] Write Unit Tests with Mockito for Service Layer in telemetry-gps-ingestion-service
[2026-09-30 20:25:43] [719/867] ✓ Created [https://github.com/YeamimHossainSajid/uber-doma-architecture/issues/797]: [Beginner] Document Protocol Buffer IDL Fields in telemetry-gps-ingestion-service
[2026-09-30 20:25:47] [720/867] ✓ Created [https://github.com/YeamimHossainSajid/uber-doma-architecture/issues/798]: [Beginner] Implement Global Exception Translator for gRPC in telemetry-gps-ingestion-service
[2026-09-30 20:25:52] [721/867] ✓ Created [https://github.com/YeamimHossainSajid/uber-doma-architecture/issues/799]: [Moderate] Implement JPA Repositories & Liquibase Changelog in telemetry-gps-ingestion-service
[2026-09-30 20:25:57] [722/867] ✓ Created [https://github.com/YeamimHossainSajid/uber-doma-architecture/issues/800]: [Moderate] Build Transactional Outbox Event Producer in telemetry-gps-ingestion-service
[2026-09-30 20:26:02] [723/867] ✓ Created [https://github.com/YeamimHossainSajid/uber-doma-architecture/issues/801]: [Moderate] Implement Redis Cache-Aside Layer with TTL in telemetry-gps-ingestion-service
[2026-09-30 20:26:07] [724/867] ✓ Created [https://github.com/YeamimHossainSajid/uber-doma-architecture/issues/802]: [Moderate] Implement gRPC Server BindableService Implementation in telemetry-gps-ingestion-service
[2026-09-30 20:26:12] [725/867] ✓ Created [https://github.com/YeamimHossainSajid/uber-doma-architecture/issues/803]: [Moderate] Build Kafka Dead Letter Queue (DLQ) & Retry Policy in telemetry-gps-ingestion-service
[2026-09-30 20:26:18] [726/867] ✓ Created [https://github.com/YeamimHossainSajid/uber-doma-architecture/issues/804]: [Moderate] Implement Optimistic Locking with @Version in telemetry-gps-ingestion-service
[2026-09-30 20:26:23] [727/867] ✓ Created [https://github.com/YeamimHossainSajid/uber-doma-architecture/issues/805]: [Moderate] Implement Distributed Idempotency Key Validator in telemetry-gps-ingestion-service
[2026-09-30 20:26:28] [728/867] ✓ Created [https://github.com/YeamimHossainSajid/uber-doma-architecture/issues/806]: [Advanced] Implement Reactive Scatter-Gather Query Aggregation in telemetry-gps-ingestion-service
[2026-09-30 20:26:33] [729/867] ✓ Created [https://github.com/YeamimHossainSajid/uber-doma-architecture/issues/807]: [Advanced] Configure Resilience4j Sliding Window Circuit Breaker in telemetry-gps-ingestion-service
[2026-09-30 20:26:38] [730/867] ✓ Created [https://github.com/YeamimHossainSajid/uber-doma-architecture/issues/808]: [Advanced] Enforce Compile-Time DOMA Architectural Rules via ArchUnit in telemetry-gps-ingestion-service
[2026-09-30 20:26:43] [731/867] ✓ Created [https://github.com/YeamimHossainSajid/uber-doma-architecture/issues/809]: [Advanced] Implement Uber H3 Hexagonal Spatial Queries in telemetry-gps-ingestion-service
[2026-09-30 20:26:48] [732/867] ✓ Created [https://github.com/YeamimHossainSajid/uber-doma-architecture/issues/810]: [Advanced] Implement Micrometer Custom Performance Metrics & Timers in telemetry-gps-ingestion-service
[2026-09-30 20:26:53] [733/867] ✓ Created [https://github.com/YeamimHossainSajid/uber-doma-architecture/issues/811]: [Advanced] Implement W3C Distributed Tracing Context Propagation in telemetry-gps-ingestion-service
[2026-09-30 20:26:58] [734/867] ✓ Created [https://github.com/YeamimHossainSajid/uber-doma-architecture/issues/812]: [Staff Architect] Implement Contraction Hierarchy Bidirectional Search in telemetry-gps-ingestion-service
[2026-09-30 20:27:03] [735/867] ✓ Created [https://github.com/YeamimHossainSajid/uber-doma-architecture/issues/813]: [Staff Architect] Implement Chaos Fault Injection and Recovery Validation in telemetry-gps-ingestion-service
[2026-09-30 20:27:09] [736/867] ✓ Created [https://github.com/YeamimHossainSajid/uber-doma-architecture/issues/814]: [Beginner] Implement Input Validation & DTO Constraints in event-streaming-hub-service
[2026-09-30 20:27:14] [737/867] ✓ Created [https://github.com/YeamimHossainSajid/uber-doma-architecture/issues/815]: [Beginner] Configure Spring Boot Actuator Health Indicators in event-streaming-hub-service
[2026-09-30 20:27:20] [738/867] ✓ Created [https://github.com/YeamimHossainSajid/uber-doma-architecture/issues/816]: [Beginner] Implement SLF4J Structured Logging & Context Propagation in event-streaming-hub-service
[2026-09-30 20:27:25] [739/867] ✓ Created [https://github.com/YeamimHossainSajid/uber-doma-architecture/issues/817]: [Beginner] Write Unit Tests with Mockito for Service Layer in event-streaming-hub-service
[2026-09-30 20:27:30] [740/867] ✓ Created [https://github.com/YeamimHossainSajid/uber-doma-architecture/issues/818]: [Beginner] Document Protocol Buffer IDL Fields in event-streaming-hub-service
[2026-09-30 20:27:35] [741/867] ✓ Created [https://github.com/YeamimHossainSajid/uber-doma-architecture/issues/819]: [Beginner] Implement Global Exception Translator for gRPC in event-streaming-hub-service
[2026-09-30 20:27:41] [742/867] ✓ Created [https://github.com/YeamimHossainSajid/uber-doma-architecture/issues/820]: [Moderate] Implement JPA Repositories & Liquibase Changelog in event-streaming-hub-service
[2026-09-30 20:27:47] [743/867] ✓ Created [https://github.com/YeamimHossainSajid/uber-doma-architecture/issues/821]: [Moderate] Build Transactional Outbox Event Producer in event-streaming-hub-service
[2026-09-30 20:27:51] [744/867] ✓ Created [https://github.com/YeamimHossainSajid/uber-doma-architecture/issues/822]: [Moderate] Implement Redis Cache-Aside Layer with TTL in event-streaming-hub-service
[2026-09-30 20:27:56] [745/867] ✓ Created [https://github.com/YeamimHossainSajid/uber-doma-architecture/issues/823]: [Moderate] Implement gRPC Server BindableService Implementation in event-streaming-hub-service
[2026-09-30 20:28:01] [746/867] ✓ Created [https://github.com/YeamimHossainSajid/uber-doma-architecture/issues/824]: [Moderate] Build Kafka Dead Letter Queue (DLQ) & Retry Policy in event-streaming-hub-service
[2026-09-30 20:28:07] [747/867] ✓ Created [https://github.com/YeamimHossainSajid/uber-doma-architecture/issues/825]: [Moderate] Implement Optimistic Locking with @Version in event-streaming-hub-service
[2026-09-30 20:28:11] [748/867] ✓ Created [https://github.com/YeamimHossainSajid/uber-doma-architecture/issues/826]: [Moderate] Implement Distributed Idempotency Key Validator in event-streaming-hub-service
[2026-09-30 20:28:16] [749/867] ✓ Created [https://github.com/YeamimHossainSajid/uber-doma-architecture/issues/827]: [Advanced] Implement Reactive Scatter-Gather Query Aggregation in event-streaming-hub-service
[2026-09-30 20:28:22] [750/867] ✓ Created [https://github.com/YeamimHossainSajid/uber-doma-architecture/issues/828]: [Advanced] Configure Resilience4j Sliding Window Circuit Breaker in event-streaming-hub-service
[2026-09-30 20:28:27] [751/867] ✓ Created [https://github.com/YeamimHossainSajid/uber-doma-architecture/issues/829]: [Advanced] Enforce Compile-Time DOMA Architectural Rules via ArchUnit in event-streaming-hub-service
[2026-09-30 20:28:31] [752/867] ✓ Created [https://github.com/YeamimHossainSajid/uber-doma-architecture/issues/830]: [Advanced] Implement Uber H3 Hexagonal Spatial Queries in event-streaming-hub-service
[2026-09-30 20:28:36] [753/867] ✓ Created [https://github.com/YeamimHossainSajid/uber-doma-architecture/issues/831]: [Advanced] Implement Micrometer Custom Performance Metrics & Timers in event-streaming-hub-service
[2026-09-30 20:28:41] [754/867] ✓ Created [https://github.com/YeamimHossainSajid/uber-doma-architecture/issues/832]: [Advanced] Implement W3C Distributed Tracing Context Propagation in event-streaming-hub-service
[2026-09-30 20:28:47] [755/867] ✓ Created [https://github.com/YeamimHossainSajid/uber-doma-architecture/issues/833]: [Staff Architect] Implement Contraction Hierarchy Bidirectional Search in event-streaming-hub-service
[2026-09-30 20:28:52] [756/867] ✓ Created [https://github.com/YeamimHossainSajid/uber-doma-architecture/issues/834]: [Staff Architect] Implement Chaos Fault Injection and Recovery Validation in event-streaming-hub-service
[2026-09-30 20:28:57] [757/867] ✓ Created [https://github.com/YeamimHossainSajid/uber-doma-architecture/issues/835]: [Beginner] Implement Input Validation & DTO Constraints in experimentation-flipr-service
[2026-09-30 20:29:03] [758/867] ✓ Created [https://github.com/YeamimHossainSajid/uber-doma-architecture/issues/836]: [Beginner] Configure Spring Boot Actuator Health Indicators in experimentation-flipr-service
[2026-09-30 20:29:08] [759/867] ✓ Created [https://github.com/YeamimHossainSajid/uber-doma-architecture/issues/837]: [Beginner] Implement SLF4J Structured Logging & Context Propagation in experimentation-flipr-service
[2026-09-30 20:29:14] [760/867] ✓ Created [https://github.com/YeamimHossainSajid/uber-doma-architecture/issues/838]: [Beginner] Write Unit Tests with Mockito for Service Layer in experimentation-flipr-service
[2026-09-30 20:29:18] [761/867] ✓ Created [https://github.com/YeamimHossainSajid/uber-doma-architecture/issues/839]: [Beginner] Document Protocol Buffer IDL Fields in experimentation-flipr-service
[2026-09-30 20:29:23] [762/867] ✓ Created [https://github.com/YeamimHossainSajid/uber-doma-architecture/issues/840]: [Beginner] Implement Global Exception Translator for gRPC in experimentation-flipr-service
[2026-09-30 20:29:27] [763/867] ✓ Created [https://github.com/YeamimHossainSajid/uber-doma-architecture/issues/841]: [Moderate] Implement JPA Repositories & Liquibase Changelog in experimentation-flipr-service
[2026-09-30 20:29:32] [764/867] ✓ Created [https://github.com/YeamimHossainSajid/uber-doma-architecture/issues/842]: [Moderate] Build Transactional Outbox Event Producer in experimentation-flipr-service
[2026-09-30 20:29:37] [765/867] ✓ Created [https://github.com/YeamimHossainSajid/uber-doma-architecture/issues/843]: [Moderate] Implement Redis Cache-Aside Layer with TTL in experimentation-flipr-service
[2026-09-30 20:29:43] [766/867] ✓ Created [https://github.com/YeamimHossainSajid/uber-doma-architecture/issues/844]: [Moderate] Implement gRPC Server BindableService Implementation in experimentation-flipr-service
[2026-09-30 20:29:48] [767/867] ✓ Created [https://github.com/YeamimHossainSajid/uber-doma-architecture/issues/845]: [Moderate] Build Kafka Dead Letter Queue (DLQ) & Retry Policy in experimentation-flipr-service
[2026-09-30 20:29:53] [768/867] ✓ Created [https://github.com/YeamimHossainSajid/uber-doma-architecture/issues/846]: [Moderate] Implement Optimistic Locking with @Version in experimentation-flipr-service
[2026-09-30 20:29:58] [769/867] ✓ Created [https://github.com/YeamimHossainSajid/uber-doma-architecture/issues/847]: [Moderate] Implement Distributed Idempotency Key Validator in experimentation-flipr-service
[2026-09-30 20:30:03] [770/867] ✓ Created [https://github.com/YeamimHossainSajid/uber-doma-architecture/issues/848]: [Advanced] Implement Reactive Scatter-Gather Query Aggregation in experimentation-flipr-service
[2026-09-30 20:30:09] [771/867] ✓ Created [https://github.com/YeamimHossainSajid/uber-doma-architecture/issues/849]: [Advanced] Configure Resilience4j Sliding Window Circuit Breaker in experimentation-flipr-service
[2026-09-30 20:30:14] [772/867] ✓ Created [https://github.com/YeamimHossainSajid/uber-doma-architecture/issues/850]: [Advanced] Enforce Compile-Time DOMA Architectural Rules via ArchUnit in experimentation-flipr-service
[2026-09-30 20:30:19] [773/867] ✓ Created [https://github.com/YeamimHossainSajid/uber-doma-architecture/issues/851]: [Advanced] Implement Uber H3 Hexagonal Spatial Queries in experimentation-flipr-service
[2026-09-30 20:30:24] [774/867] ✓ Created [https://github.com/YeamimHossainSajid/uber-doma-architecture/issues/852]: [Advanced] Implement Micrometer Custom Performance Metrics & Timers in experimentation-flipr-service
[2026-09-30 20:30:29] [775/867] ✓ Created [https://github.com/YeamimHossainSajid/uber-doma-architecture/issues/853]: [Advanced] Implement W3C Distributed Tracing Context Propagation in experimentation-flipr-service
[2026-09-30 20:30:34] [776/867] ✓ Created [https://github.com/YeamimHossainSajid/uber-doma-architecture/issues/854]: [Staff Architect] Implement Contraction Hierarchy Bidirectional Search in experimentation-flipr-service
[2026-09-30 20:30:39] [777/867] ✓ Created [https://github.com/YeamimHossainSajid/uber-doma-architecture/issues/855]: [Staff Architect] Implement Chaos Fault Injection and Recovery Validation in experimentation-flipr-service
[2026-09-30 20:30:44] [778/867] ✓ Created [https://github.com/YeamimHossainSajid/uber-doma-architecture/issues/856]: [Beginner] Implement Input Validation & DTO Constraints in audit-compliance-service
[2026-09-30 20:30:49] [779/867] ✓ Created [https://github.com/YeamimHossainSajid/uber-doma-architecture/issues/857]: [Beginner] Configure Spring Boot Actuator Health Indicators in audit-compliance-service
[2026-09-30 20:30:54] [780/867] ✓ Created [https://github.com/YeamimHossainSajid/uber-doma-architecture/issues/858]: [Beginner] Implement SLF4J Structured Logging & Context Propagation in audit-compliance-service
[2026-09-30 20:30:59] [781/867] ✓ Created [https://github.com/YeamimHossainSajid/uber-doma-architecture/issues/859]: [Beginner] Write Unit Tests with Mockito for Service Layer in audit-compliance-service
[2026-09-30 20:31:04] [782/867] ✓ Created [https://github.com/YeamimHossainSajid/uber-doma-architecture/issues/860]: [Beginner] Document Protocol Buffer IDL Fields in audit-compliance-service
[2026-09-30 20:31:09] [783/867] ✓ Created [https://github.com/YeamimHossainSajid/uber-doma-architecture/issues/861]: [Beginner] Implement Global Exception Translator for gRPC in audit-compliance-service
[2026-09-30 20:31:14] [784/867] ✓ Created [https://github.com/YeamimHossainSajid/uber-doma-architecture/issues/862]: [Moderate] Implement JPA Repositories & Liquibase Changelog in audit-compliance-service
[2026-09-30 20:31:19] [785/867] ✓ Created [https://github.com/YeamimHossainSajid/uber-doma-architecture/issues/863]: [Moderate] Build Transactional Outbox Event Producer in audit-compliance-service
[2026-09-30 20:31:24] [786/867] ✓ Created [https://github.com/YeamimHossainSajid/uber-doma-architecture/issues/864]: [Moderate] Implement Redis Cache-Aside Layer with TTL in audit-compliance-service
[2026-09-30 20:31:29] [787/867] ✓ Created [https://github.com/YeamimHossainSajid/uber-doma-architecture/issues/865]: [Moderate] Implement gRPC Server BindableService Implementation in audit-compliance-service
[2026-09-30 20:31:34] [788/867] ✓ Created [https://github.com/YeamimHossainSajid/uber-doma-architecture/issues/866]: [Moderate] Build Kafka Dead Letter Queue (DLQ) & Retry Policy in audit-compliance-service
[2026-09-30 20:31:40] [789/867] ✓ Created [https://github.com/YeamimHossainSajid/uber-doma-architecture/issues/867]: [Moderate] Implement Optimistic Locking with @Version in audit-compliance-service
[2026-09-30 20:31:45] [790/867] ✓ Created [https://github.com/YeamimHossainSajid/uber-doma-architecture/issues/868]: [Moderate] Implement Distributed Idempotency Key Validator in audit-compliance-service
[2026-09-30 20:31:50] [791/867] ✓ Created [https://github.com/YeamimHossainSajid/uber-doma-architecture/issues/869]: [Advanced] Implement Reactive Scatter-Gather Query Aggregation in audit-compliance-service
[2026-09-30 20:31:55] [792/867] ✓ Created [https://github.com/YeamimHossainSajid/uber-doma-architecture/issues/870]: [Advanced] Configure Resilience4j Sliding Window Circuit Breaker in audit-compliance-service
[2026-09-30 20:32:00] [793/867] ✓ Created [https://github.com/YeamimHossainSajid/uber-doma-architecture/issues/871]: [Advanced] Enforce Compile-Time DOMA Architectural Rules via ArchUnit in audit-compliance-service
[2026-09-30 20:32:05] [794/867] ✓ Created [https://github.com/YeamimHossainSajid/uber-doma-architecture/issues/872]: [Advanced] Implement Uber H3 Hexagonal Spatial Queries in audit-compliance-service
[2026-09-30 20:32:10] [795/867] ✓ Created [https://github.com/YeamimHossainSajid/uber-doma-architecture/issues/873]: [Advanced] Implement Micrometer Custom Performance Metrics & Timers in audit-compliance-service
[2026-09-30 20:32:14] [796/867] ✓ Created [https://github.com/YeamimHossainSajid/uber-doma-architecture/issues/874]: [Advanced] Implement W3C Distributed Tracing Context Propagation in audit-compliance-service
[2026-09-30 20:32:20] [797/867] ✓ Created [https://github.com/YeamimHossainSajid/uber-doma-architecture/issues/875]: [Staff Architect] Implement Contraction Hierarchy Bidirectional Search in audit-compliance-service
[2026-09-30 20:32:25] [798/867] ✓ Created [https://github.com/YeamimHossainSajid/uber-doma-architecture/issues/876]: [Staff Architect] Implement Chaos Fault Injection and Recovery Validation in audit-compliance-service
[2026-09-30 20:32:30] [799/867] ✓ Created [https://github.com/YeamimHossainSajid/uber-doma-architecture/issues/877]: [Beginner] Implement Input Validation & DTO Constraints in service-registry-discovery-service
[2026-09-30 20:32:35] [800/867] ✓ Created [https://github.com/YeamimHossainSajid/uber-doma-architecture/issues/878]: [Beginner] Configure Spring Boot Actuator Health Indicators in service-registry-discovery-service
[2026-09-30 20:32:40] [810/867] ✓ Created [https://github.com/YeamimHossainSajid/uber-doma-architecture/issues/879]: [Moderate] Implement Optimistic Locking with @Version in service-registry-discovery-service
[2026-09-30 20:32:42] 🎉 Completed! Published: 315, Skipped: 552, Total in catalog: 867
